date,air_co,air_no2,air_o3,air_pm_10,air_pm_25,air_so2,electricity_exports,electricity_local,electricity_local_commercial,electricity_local_domestic,electricity_losses,electricity_total,ipi_abs_index,ipi_growth_mom_index,ipi_growth_yoy_index,ipi_abs_index_sa,ipi_growth_mom_index_sa,ipi_growth_yoy_index_sa
1/1/2018,0.671,0.0078,0.015,19.14,11.43,0.001,109.82,11845.90025,9390.080801,2455.81945,1200.383806,13156.10406,113.447,1.264,4.838,109.866,0.013,3.963
1/2/2018,0.677,0.0069,0.024,26.06,16.75,0.0011,101.5,11091.95701,8561.415143,2530.541863,903.8396245,12097.29663,101.82,-10.249,2.344,110.83,0.877,2.625
1/3/2018,0.654,0.0074,0.019,24.84,15.61,0.001,103.785,12244.08995,9659.320215,2584.769732,1681.104546,14028.97949,112.27,10.264,2.921,111.09,0.235,3.328
1/4/2018,0.682,0.0075,0.019,25.64,16.34,0.001,102.002,12018.58458,9340.784017,2677.80056,1484.235112,13604.82169,108.986,-2.925,4.977,113.036,1.752,5.918
1/5/2018,0.671,0.0076,0.017,22.6,14.54,0.001,142.261,12267.99839,9525.937602,2742.060788,1524.423335,13934.68272,111.631,2.426,3.502,112.183,-0.755,4.32
1/6/2018,0.648,0.0074,0.017,25.88,17.28,0.0011,141.659,11718.32775,9090.549881,2627.777866,1487.7205,13347.70725,111.803,0.154,2.09,112.025,-0.141,2.768
1/7/2018,0.653,0.0096,0.018,30.29,20.63,0.0011,138.707,12549.89114,9804.79035,2745.100789,1563.615043,14252.21318,113.269,1.312,2.702,113.033,0.9,2.937
1/8/2018,0.655,0.0077,0.02,36.47,25.84,0.0011,139.507,12523.89761,9839.948203,2683.949408,1679.493319,14342.89793,112.342,-0.818,1.93,112.136,-0.794,1.217
1/9/2018,0.615,0.0079,0.017,26.97,18.21,0.001,137.718,11959.07838,9395.259806,2563.818575,1262.255509,13359.05189,112.364,0.019,2.619,112.151,0.013,1.971
1/10/2018,0.632,0.0076,0.016,22.22,14.5,0.001,132.991,12524.42786,9939.990991,2584.436869,1424.946917,14082.36578,117.756,4.799,4.371,113.634,1.322,4.092
1/11/2018,0.636,0.0074,0.016,20.03,12.33,0.001,126.182,12068.57475,9530.094916,2538.479838,1356.23648,13550.99323,114.258,-2.971,2.16,112.486,-1.01,1.518
1/12/2018,0.626,0.007,0.015,18.89,11.54,0.0009,132.36,12375.38621,9695.1312,2680.255015,1222.828793,13730.57501,115.97,1.499,3.517,112.405,-0.072,2.324
1/1/2019,0.636,0.0066,0.02,22.26,12.96,0.001,146.324,12551.01966,9806.591171,2744.428494,1411.48888,14108.83254,117.74,1.526,3.785,113.451,0.931,3.263
1/2/2019,0.588,0.0063,0.02,23.59,15.23,0.0011,127.714,11566.87633,8762.477741,2804.398587,922.1813658,12616.77169,104.275,-11.436,2.412,112.911,-0.476,1.878
1/3/2019,0.669,0.0074,0.023,31.92,23.17,0.0011,146.318,12750.44043,10001.93871,2748.501719,1735.578541,14632.33697,116.006,11.249,3.327,114.499,1.406,3.069
1/4/2019,0.644,0.0077,0.019,26.95,18.69,0.001,145.907,12943.80641,9984.772573,2959.033834,1282.01176,14371.72517,112.671,-2.874,3.381,116.883,2.082,3.403
1/5/2019,0.627,0.0074,0.017,23.74,15.52,0.001,144.063,12786.9323,9955.331262,2831.601036,1763.238663,14694.23396,116.224,3.153,4.115,117.789,0.775,4.997
1/6/2019,0.585,0.0069,0.016,22.16,14.57,0.001,134.789,12157.91035,9325.607423,2832.302932,1254.268741,13546.9681,115.317,-0.78,3.144,116.009,-1.511,3.556
1/7/2019,0.629,0.0075,0.019,29.98,20.79,0.0011,144.631,12766.75217,9924.751647,2842.000525,1590.152281,14501.53545,114.771,-0.474,1.325,115.648,-0.311,2.313
1/8/2019,0.708,0.0076,0.02,42.2,31.74,0.0013,154.706,12730.10109,9885.678437,2844.422652,1471.932464,14356.73955,114.887,0.102,2.265,114.464,-1.024,2.076
1/9/2019,0.888,0.0081,0.022,64.11,52.86,0.0011,148.348,12359.44888,9624.753384,2734.695492,1460.14248,13967.93936,114.27,-0.537,1.696,113.614,-0.743,1.304
1/10/2019,0.629,0.0074,0.016,22.39,15.46,0.001,142.979,12544.54287,9867.04497,2677.497902,1416.588468,14104.11034,118.046,3.305,0.246,113.803,0.166,0.149
1/11/2019,0.633,0.0073,0.016,21.52,13.92,0.001,131.062,12220.80738,9579.053582,2641.753799,1375.363241,13727.23262,116.976,-0.907,2.379,114.874,0.941,2.123
1/12/2019,0.565,0.0061,0.018,19.09,10.95,0.001,130.68,12375.7765,9650.754813,2725.021685,1304.671909,13811.12841,117.452,0.407,1.278,113.648,-1.067,1.106
1/1/2020,0.553,0.0059,0.019,21.37,12.62,0.001,129.7,12663.71674,9794.372473,2869.344265,1402.743483,14196.16022,118.547,0.932,0.685,114.191,0.478,0.652
1/2/2020,0.544,0.0057,0.02,23.18,12.93,0.001,145.745,12249.90688,9381.811342,2868.095536,1161.316261,13556.96814,110.597,-6.706,6.063,118.496,3.77,4.946
1/3/2020,0.542,0.0051,0.019,22.96,15.01,0.0009,148.75855,11699.29099,8809.560865,2889.730125,1674.341259,13522.3908,110.082,-0.466,-5.106,108.343,-8.568,-5.376
1/4/2020,0.473,0.0032,0.018,17.7,11.81,0.0009,143.921,10349.14163,7209.28272,3139.858915,1192.283936,11685.34657,77.052,-30.005,-31.613,79.766,-26.376,-31.756
1/5/2020,0.496,0.0047,0.017,17.58,11.14,0.0009,138.609,11570.61905,7623.061581,3947.557468,1553.947667,13263.17572,91.279,18.464,-21.463,93.509,17.229,-20.613
1/6/2020,0.529,0.0061,0.015,19.48,12.21,0.001,125.662,11751.31687,8733.469808,3017.847066,1413.339208,13290.31808,115.479,26.512,0.14,115.706,23.738,-0.261
1/7/2020,0.545,0.0065,0.014,18.55,11.74,0.001,128.298,12381.46335,9376.721616,3004.74173,1357.17485,13866.9362,116.859,1.195,1.819,119.444,3.231,3.282
1/8/2020,0.585,0.0064,0.016,22.81,15.15,0.0011,140.393,12543.16006,9553.317406,2989.842653,1578.863164,14262.41622,114.805,-1.757,-0.071,114.753,-3.927,0.252
1/9/2020,0.555,0.0064,0.013,18.23,11.52,0.0011,124.32709,12436.14841,9534.584706,2901.563701,1166.417801,13726.8933,115.98,1.023,1.497,115.01,0.224,1.229
1/10/2020,0.548,0.0066,0.014,19.19,12.36,0.0011,129.284,12758.63719,9784.699069,2973.938122,1403.373972,14291.29516,117.862,1.623,-0.156,113.92,-0.948,0.103
1/11/2020,0.549,0.0061,0.013,17.11,10.1,0.0011,116.514,12122.7695,9179.293058,2943.47644,1195.489696,13434.77319,114.393,-2.943,-2.208,111.779,-1.879,-2.694
1/12/2020,0.62,0.0065,0.016,18.55,10.92,0.0012,99.263,12231.229,9410.638187,2820.590811,1518.763647,13849.25564,119.519,4.481,1.76,115.305,3.154,1.458
1/1/2021,0.549,0.0054,0.019,19.65,11.36,0.0011,134.76173,12157.20948,9118.324106,3038.885371,1277.271883,13569.24309,120.041,0.437,1.26,116.033,0.631,1.613
1/2/2021,0.533,0.0052,0.023,25.74,15.94,0.0012,84.21,11595.53969,8500.055353,3095.484339,1125.428125,12805.17782,112.384,-6.379,1.615,119.701,3.161,1.017
1/3/2021,0.538,0.0062,0.016,22.54,14.3,0.0011,122.645,12960.8104,9885.082042,3075.728358,1766.148543,14849.60394,120.629,7.337,9.582,118.365,-1.116,9.25
1/4/2021,0.563,0.0069,0.017,22.55,14.07,0.0011,112.167,12718.13712,9595.732563,3122.404555,1519.15189,14349.45601,115.27,-4.443,49.6,120.731,1.999,51.356
1/5/2021,0.526,0.0059,0.015,20.28,12.62,0.001,103.623,12675.56142,9243.155745,3432.405679,1672.266822,14451.45125,115.331,0.053,26.35,118.745,-1.645,26.988
1/6/2021,0.488,0.0046,0.016,19.65,13.3,0.0011,57.788,11100.33158,7802.305209,3298.026373,1517.167244,12675.28683,116.946,1.4,1.271,116.882,-1.569,1.016
1/7/2021,0.518,0.0048,0.016,22.76,15.27,0.0011,67.48905,11590.08212,8173.249013,3416.833102,1570.267465,13227.83863,110.607,-5.42,-5.35,113.621,-2.79,-4.875
1/8/2021,0.494,0.0049,0.013,18.16,11.76,0.0011,46.02522,12011.96407,8739.395241,3272.568826,1531.065456,13589.05474,114.452,3.476,-0.308,114.128,0.446,-0.545
1/9/2021,0.531,0.0058,0.014,18.6,12.06,0.0011,70.984,12446.85335,9205.928583,3240.924768,1292.65599,13810.49334,118.272,3.338,1.976,116.78,2.324,1.539
1/10/2021,0.564,0.0063,0.015,20.53,13.14,0.0011,58.20315,13086.44312,9907.90741,3178.535709,1735.300615,14879.94688,124.39,5.173,5.539,120.23,2.954,5.539
1/11/2021,0.539,0.0063,0.013,16.84,10.02,0.0012,45.92575,12708.1406,9700.692957,3007.447648,1383.304681,14137.37103,124.942,0.443,9.222,121.888,1.379,9.044
1/12/2021,0.562,0.006,0.017,18.86,11.43,0.0012,70.63773,12956.13426,9922.392809,3033.741448,1479.196171,14505.96816,126.595,1.323,5.92,122.476,0.482,6.219
1/1/2022,0.572,0.0061,0.019,21.98,13.6,0.0012,58.25445,12936.4269,9787.332421,3149.094474,1326.54132,14321.22267,124.865,-1.367,4.018,122.249,-0.185,5.357
1/2/2022,0.515,0.0052,0.014,18.09,10.87,0.0011,58.2294,11899.22361,8821.415245,3077.808365,876.3189523,12833.77196,116.442,-6.746,3.611,123.355,0.905,3.053
1/3/2022,0.535,0.0058,0.015,19.76,12.2,0.0012,62.61265,13252.14021,9985.710553,3266.429654,1525.346903,14840.09976,126.6,8.724,4.949,124.059,0.571,4.811
1/4/2022,0.575,0.0068,0.016,20.59,13.25,0.0012,59.90336,13132.16828,9813.861698,3318.30658,1279.59646,14471.6681,120.477,-4.836,4.517,126.849,2.249,5.067
1/5/2022,0.537,0.0065,0.015,21.16,13.29,0.0011,60.152,13254.94139,9890.299726,3364.641667,1553.302465,14868.39586,119.432,-0.867,3.556,123.309,-2.791,3.844
1/6/2022,0.513,0.0064,0.014,18.67,11.63,0.0012,60.80461,13244.19949,9961.861197,3282.338295,1202.138765,14507.14287,130.8,9.518,11.847,130.293,5.664,11.474
1/7/2022,0.534,0.0065,0.015,23.55,14.86,0.0012,60.245,13367.95899,10087.65294,3280.306051,1522.253437,14950.45743,124.68,-4.679,12.723,128.228,-1.585,12.856
1/8/2022,0.508,0.0067,0.015,20.64,13.4,0.0012,67.617,13463.73043,10261.33669,3202.393743,1399.310867,14930.6583,129.509,3.873,13.156,129.242,0.791,13.243
1/9/2022,0.523,0.0067,0.014,19.41,12.42,0.0012,67.921,13090.58311,9971.862926,3118.720182,1114.876222,14273.38033,131.097,1.227,10.844,129.37,0.099,10.781
1/10/2022,0.501,0.0063,0.013,17.35,10.48,0.0012,83.311,13214.60363,10117.58137,3097.02226,1257.535649,14555.45028,129.836,-0.962,4.378,126.123,-2.51,4.901
1/11/2022,0.515,0.0066,0.014,17.4,10.38,0.0012,88.21,12934.27658,9895.133927,3039.142655,1050.202211,14072.68879,131.05,0.935,4.889,127.845,1.365,4.887
1/12/2022,0.503,0.0062,0.017,18.44,10.75,0.0013,90.70768,13041.87546,10003.77103,3038.104429,1062.264752,14194.8479,130.2,-0.649,2.848,126.652,-0.933,3.41
