DataSeries,2025Dec,2025Nov,2025Oct,2025Sep,2025Aug,2025Jul,2025Jun,2025May,2025Apr,2025Mar,2025Feb,2025Jan,2024Dec,2024Nov,2024Oct,2024Sep,2024Aug,2024Jul,2024Jun,2024May,2024Apr,2024Mar,2024Feb,2024Jan,2023Dec,2023Nov,2023Oct,2023Sep,2023Aug,2023Jul,2023Jun,2023May,2023Apr,2023Mar,2023Feb,2023Jan,2022Dec,2022Nov,2022Oct,2022Sep,2022Aug,2022Jul,2022Jun,2022May,2022Apr,2022Mar,2022Feb,2022Jan,2021Dec,2021Nov,2021Oct,2021Sep,2021Aug,2021Jul,2021Jun,2021May,2021Apr,2021Mar,2021Feb,2021Jan,2020Dec,2020Nov,2020Oct,2020Sep,2020Aug,2020Jul,2020Jun,2020May,2020Apr,2020Mar,2020Feb,2020Jan,2019Dec,2019Nov,2019Oct,2019Sep,2019Aug,2019Jul,2019Jun,2019May,2019Apr,2019Mar,2019Feb,2019Jan,2018Dec,2018Nov,2018Oct,2018Sep,2018Aug,2018Jul,2018Jun,2018May,2018Apr,2018Mar,2018Feb,2018Jan,2017Dec,2017Nov,2017Oct,2017Sep,2017Aug,2017Jul,2017Jun,2017May,2017Apr,2017Mar,2017Feb,2017Jan,2016Dec,2016Nov,2016Oct,2016Sep,2016Aug,2016Jul,2016Jun,2016May,2016Apr,2016Mar,2016Feb,2016Jan,2015Dec,2015Nov,2015Oct,2015Sep,2015Aug,2015Jul,2015Jun,2015May,2015Apr,2015Mar,2015Feb,2015Jan,2014Dec,2014Nov,2014Oct,2014Sep,2014Aug,2014Jul,2014Jun,2014May,2014Apr,2014Mar,2014Feb,2014Jan,2013Dec,2013Nov,2013Oct,2013Sep,2013Aug,2013Jul,2013Jun,2013May,2013Apr,2013Mar,2013Feb,2013Jan,2012Dec,2012Nov,2012Oct,2012Sep,2012Aug,2012Jul,2012Jun,2012May,2012Apr,2012Mar,2012Feb,2012Jan,2011Dec,2011Nov,2011Oct,2011Sep,2011Aug,2011Jul,2011Jun,2011May,2011Apr,2011Mar,2011Feb,2011Jan,2010Dec,2010Nov,2010Oct,2010Sep,2010Aug,2010Jul,2010Jun,2010May,2010Apr,2010Mar,2010Feb,2010Jan,2009Dec,2009Nov,2009Oct,2009Sep,2009Aug,2009Jul,2009Jun,2009May,2009Apr,2009Mar,2009Feb,2009Jan,2008Dec,2008Nov,2008Oct,2008Sep,2008Aug,2008Jul,2008Jun,2008May,2008Apr,2008Mar,2008Feb,2008Jan,2007Dec,2007Nov,2007Oct,2007Sep,2007Aug,2007Jul,2007Jun,2007May,2007Apr,2007Mar,2007Feb,2007Jan,2006Dec,2006Nov,2006Oct,2006Sep,2006Aug,2006Jul,2006Jun,2006May,2006Apr,2006Mar,2006Feb,2006Jan,2005Dec,2005Nov,2005Oct,2005Sep,2005Aug,2005Jul,2005Jun,2005May,2005Apr,2005Mar,2005Feb,2005Jan,2004Dec,2004Nov,2004Oct,2004Sep,2004Aug,2004Jul,2004Jun,2004May,2004Apr,2004Mar,2004Feb,2004Jan,2003Dec,2003Nov,2003Oct,2003Sep,2003Aug,2003Jul,2003Jun,2003May,2003Apr,2003Mar,2003Feb,2003Jan,2002Dec,2002Nov,2002Oct,2002Sep,2002Aug,2002Jul,2002Jun,2002May,2002Apr,2002Mar,2002Feb,2002Jan,2001Dec,2001Nov,2001Oct,2001Sep,2001Aug,2001Jul,2001Jun,2001May,2001Apr,2001Mar,2001Feb,2001Jan,2000Dec,2000Nov,2000Oct,2000Sep,2000Aug,2000Jul,2000Jun,2000May,2000Apr,2000Mar,2000Feb,2000Jan,1999Dec,1999Nov,1999Oct,1999Sep,1999Aug,1999Jul,1999Jun,1999May,1999Apr,1999Mar,1999Feb,1999Jan,1998Dec,1998Nov,1998Oct,1998Sep,1998Aug,1998Jul,1998Jun,1998May,1998Apr,1998Mar,1998Feb,1998Jan,1997Dec,1997Nov,1997Oct,1997Sep,1997Aug,1997Jul,1997Jun,1997May,1997Apr,1997Mar,1997Feb,1997Jan,1996Dec,1996Nov,1996Oct,1996Sep,1996Aug,1996Jul,1996Jun,1996May,1996Apr,1996Mar,1996Feb,1996Jan,1995Dec,1995Nov,1995Oct,1995Sep,1995Aug,1995Jul,1995Jun,1995May,1995Apr,1995Mar,1995Feb,1995Jan,1994Dec,1994Nov,1994Oct,1994Sep,1994Aug,1994Jul,1994Jun,1994May,1994Apr,1994Mar,1994Feb,1994Jan,1993Dec,1993Nov,1993Oct,1993Sep,1993Aug,1993Jul,1993Jun,1993May,1993Apr,1993Mar,1993Feb,1993Jan,1992Dec,1992Nov,1992Oct,1992Sep,1992Aug,1992Jul,1992Jun,1992May,1992Apr,1992Mar,1992Feb,1992Jan,1991Dec,1991Nov,1991Oct,1991Sep,1991Aug,1991Jul,1991Jun,1991May,1991Apr,1991Mar,1991Feb,1991Jan,1990Dec,1990Nov,1990Oct,1990Sep,1990Aug,1990Jul,1990Jun,1990May,1990Apr,1990Mar,1990Feb,1990Jan,1989Dec,1989Nov,1989Oct,1989Sep,1989Aug,1989Jul,1989Jun,1989May,1989Apr,1989Mar,1989Feb,1989Jan,1988Dec,1988Nov,1988Oct,1988Sep,1988Aug,1988Jul,1988Jun,1988May,1988Apr,1988Mar,1988Feb,1988Jan,1987Dec,1987Nov,1987Oct,1987Sep,1987Aug,1987Jul,1987Jun,1987May,1987Apr,1987Mar,1987Feb,1987Jan,1986Dec,1986Nov,1986Oct,1986Sep,1986Aug,1986Jul,1986Jun,1986May,1986Apr,1986Mar,1986Feb,1986Jan,1985Dec,1985Nov,1985Oct,1985Sep,1985Aug,1985Jul,1985Jun,1985May,1985Apr,1985Mar,1985Feb,1985Jan,1984Dec,1984Nov,1984Oct,1984Sep,1984Aug,1984Jul,1984Jun,1984May,1984Apr,1984Mar,1984Feb,1984Jan,1983Dec,1983Nov,1983Oct,1983Sep,1983Aug,1983Jul,1983Jun,1983May,1983Apr,1983Mar,1983Feb,1983Jan
Total,144.404,153.881,173.335,160.054,120.171,134.938,127.091,119.348,122.218,126.694,112.855,127.09,133.38,130.223,133.529,136.58,132.243,125.491,118.048,115.316,117.246,117.755,111.598,120.915,126.996,117.483,131.925,125.047,107.729,121.816,122.089,112.167,118.521,128.638,106.273,119.308,129.027,117.341,123.555,126.6,123.634,122.48,130.957,125.865,127.546,134.248,117.326,122.929,133.715,121.851,124.356,125.167,122.421,120.335,126.782,113.32,120.993,128.557,103.032,121.509,114.533,106.675,106.212,127.718,109.893,103.253,98.752,89.009,117.732,117.655,88.098,110.842,97.815,89.358,106.669,101.416,94.435,111.195,105.115,96.606,105.106,96.823,88.563,106.9,101.612,101.901,102.642,102.885,101.853,106.179,108.473,98.989,100.846,104.974,85.148,102.219,99.786,95.387,97.569,102.393,98.575,99.537,100.241,87.595,90.954,98.422,80.913,86.381,102.247,89.914,84.633,89.338,81.796,80.731,88.094,83.451,85.265,88.517,73.476,83.053,83.524,80.514,83.622,82.831,80.99,83.485,87.148,83.113,82.561,87.878,76.028,82.046,94.793,82.818,86.446,88.396,84.98,88.873,89.546,84.142,90.441,98.085,78.601,80.329,96.532,84.445,86.17,89.432,81.85,86.583,88.892,85.784,85.877,87.429,69.502,77.583,90.74,79.075,79.517,81.867,79.059,84.123,93.232,83.622,81.674,90.683,82.255,77.464,89.302,76.923,83.66,84.931,81.37,82.331,86.545,78.575,83.284,93.871,73.299,86.03,71.336,78.735,78.476,78.995,71.206,78.086,76.333,92.366,89.51,78.15,66.013,68.479,65.558,55.757,60.561,62.702,66.597,71.466,59.457,58.224,60.041,51.278,55.172,48.552,56.86,61.664,59.002,66.986,59.197,60.561,63.676,55.498,59.586,75.684,62.312,65.364,65.623,66.077,67.181,64.845,67.246,77.567,62.248,64.13,62.897,64.26,56.536,60.366,68.349,68.025,64.975,66.856,58.613,62.119,69.648,54.979,51.538,64.26,53.68,52.252,64.649,58.418,62.702,62.768,55.628,51.798,56.926,49.916,50.565,51.798,39.595,52.252,61.274,48.228,52.706,51.343,49.72,48.812,51.149,49.007,48.617,47.579,44.333,47.189,46.345,43.619,52.057,45.696,47.773,41.348,42.97,40.958,39.984,47.319,34.532,44.333,46.021,40.309,43.749,43.165,43.099,44.139,45.762,44.852,41.607,44.593,35.246,39.011,38.426,40.763,38.945,38.622,36.934,37.128,38.622,39.465,38.426,46.475,40.049,37.972,49.201,46.865,49.072,49.656,46.865,43.036,46.085,43.879,38.037,43.489,35.246,42.451,40.958,39.854,41.282,43.359,38.945,38.751,41.348,36.544,34.727,41.932,32.13,33.039,38.166,33.299,33.233,37.907,32.649,32.844,34.467,30.702,32.844,39.27,30.962,30.053,37.063,34.467,36.089,38.166,34.921,34.792,34.532,31.741,31.871,35.766,26.549,31.805,33.689,31.741,33.493,33.363,32.649,32.065,31.092,31.675,31.156,38.166,27.522,33.623,33.818,33.104,32.649,35.7,35.116,31.352,31.545,28.949,27.846,34.597,25.899,27.068,31.026,28.625,29.404,31.935,30.832,27.976,28.3,26.808,26.549,31.935,22.719,26.159,27.846,25.12,26.353,27.068,27.197,25.25,24.925,23.562,23.562,27.392,23.497,21.096,25.639,23.173,23.952,24.212,23.822,23.432,22.264,21.225,20.771,25.769,18.24,22.328,23.173,21.55,23.627,23.497,23.692,22.394,21.615,21.42,20.836,25.704,18.434,22.524,22.589,21.615,22.783,23.497,22.848,20.836,21.096,20.317,18.759,23.238,18.305,18.759,20.966,19.732,20.836,21.485,20.836,18.564,19.409,17.85,17.98,20.576,14.929,18.305,19.928,17.331,18.824,19.279,18.953,17.395,18.24,15.514,16.487,18.175,13.891,16.227,17.331,15.903,16.617,16.617,15.124,15.124,14.669,12.917,13.631,14.735,12.462,12.528,14.799,12.528,14.02,14.605,12.917,12.852,11.619,11.878,12.203,12.917,9.672,11.359,11.684,10.321,12.462,12.139,11.489,11.813,10.126,11.165,12.139,12.852,10.385,12.917,13.372,11.878,13.242,12.658,13.761,12.333,12.073,12.203,11.749,13.242,10.905,13.112,12.917,11.424,12.852,12.203,12.333,11.23,10.451,10.775,10.645,12.009,9.412,11.878
"    Food, Beverage & Tobacco",90.066,93.524,94.034,87.908,94.233,98.7,96.578,98.243,91.485,102.487,99.166,105.876,84.694,93.595,102.508,109.392,111.629,112.27,110.983,103.034,97.804,111.782,100.858,99.766,77.547,95.687,97.625,102.241,104.998,101.323,100.365,101.509,87.629,107.289,100.168,108.197,92.411,88.561,91.608,104.876,106.804,103.361,100.075,97.946,96.456,109.475,98.322,110.315,90.768,84.931,84.297,76.709,87.541,86.155,91.636,82.807,84.5,96.068,86.607,95.518,84.468,82.939,94.705,90.762,91.756,93.676,94.742,87.569,87.089,104.14,93.113,94.761,78.712,100.625,104.434,97.9,106.508,104.246,96.97,102.698,100.395,114.071,85.742,107.723,93.526,103.095,99.016,111.027,95.674,97.396,100.849,95.31,93.464,105.462,80.142,97.786,102.61,100.171,96.589,108.748,102.656,94.96,94.14,81.053,90.626,101.14,82.485,82.601,90.689,94.359,67.771,100.811,98.138,82.507,97.413,89.283,90.506,96.804,66.329,94.178,73.833,87.324,98.8,76.928,90.477,84.811,91.319,84.801,92.926,88.054,69.938,91.757,88.725,83.323,89.825,91.039,85.321,89.165,84.622,82.249,80.066,85.778,72.061,92.699,85.054,82.476,87.105,86.823,83.328,89.732,82.907,84.386,80.395,82.792,73.712,90.337,80.121,84.101,90.976,87.928,88.514,87.833,83.171,84.447,78.524,83.999,76.891,82.986,87.713,86.36,84.406,86.392,84.578,83.65,79.571,78.786,75.1,82.242,63.871,83.338,81.119,78.541,80.046,79.973,81.119,82.622,81.262,76.608,74.388,80.403,66.943,77.897,78.041,74.102,76.322,77.038,72.957,76.823,73.673,72.527,70.165,72.814,65.583,72.241,83.195,78.827,78.255,76.894,77.969,78.9,75.463,75.534,75.177,75.32,63.792,86.202,72.385,73.458,72.814,72.886,75.749,73.458,68.733,69.52,68.661,74.675,63.005,73.887,70.308,69.593,66.871,68.017,69.306,62.504,66.084,62.504,57.349,60.929,52.981,65.511,65.583,62.218,65.153,63.864,62.719,60.571,62.862,60.929,58.351,62.504,52.265,66.084,63.363,57.778,58.351,61.645,59.139,60.714,56.418,57.421,54.771,56.131,50.905,57.206,59.998,54.7,53.984,56.275,53.984,57.635,54.485,52.767,51.837,61.572,51.119,73.745,55.988,54.986,56.848,56.704,55.058,56.203,50.977,53.483,56.346,63.506,51.908,72.241,57.349,56.418,59.569,55.917,57.134,56.131,55.631,57.206,56.418,65.583,60.356,66.299,54.557,57.349,54.199,52.91,56.848,53.411,57.349,57.063,51.622,65.726,48.328,65.654,52.981,52.624,51.407,53.268,51.622,53.984,53.339,49.975,53.554,69.52,55.559,67.301,53.841,51.55,50.404,50.117,52.05,55.487,59.425,53.697,55.773,63.506,57.278,68.303,62.003,62.289,64.079,63.864,61.43,58.638,58.852,54.771,58.924,70.308,54.915,86.989,62.576,60.785,62.504,58.494,62.719,71.811,67.873,63.506,60.857,82.909,63.578,84.197,60.499,66.943,64.509,62.003,66.084,66.799,64.509,60.07,60.929,84.77,63.578,75.32,65.225,65.726,66.656,60.929,65.439,64.724,64.438,57.421,64.222,81.048,57.564,77.109,62.289,62.576,66.226,61.86,61,62.003,57.278,57.564,59.068,72.026,64.724,61.501,60.642,62.862,58.137,55.845,56.131,63.219,58.995,52.123,58.638,76.608,55.487,76.035,55.917,57.349,57.778,49.473,54.342,60.356,52.91,53.339,56.919,68.446,53.625,69.377,51.264,56.131,54.127,48.615,53.769,53.984,56.346,51.55,49.975,67.015,53.912,60.642,50.476,55.773,49.545,45.106,49.187,50.547,53.196,47.683,49.975,66.084,48.901,64.795,49.473,50.762,49.402,43.101,51.55,50.762,53.268,47.039,48.113,61.144,45.965,55.272,41.884,45.536,42.385,41.741,43.531,50.833,46.753,40.309,42.099,51.048,43.889,48.399,42.529,41.526,43.172,38.304,41.096,44.819,42.242,42.314,38.806,47.11,40.81,49.903,40.38,40.81,38.162,38.162,41.455,40.38,34.438,38.734,35.154,47.325,37.445,49.76,34.581,40.38,39.808,34.868,43.172,39.593,39.951,42.17,34.367,45.106,32.505,47.97,40.882,38.949,36.801,36.228,42.027,36.872,43.029,38.448,39.664,52.624,39.163,48.328
    Textiles,1.898,1.492,1.566,1.626,1.384,1.742,1.421,1.404,1.968,1.358,1.471,1.372,4.418,3.17,3.562,3.126,3.449,3.765,2.669,3.453,2.674,2.803,2.066,3.219,8.257,8.057,6.514,7.361,7.583,7.429,6.331,9.59,7.848,9.161,5.807,5.249,18.642,20.034,16.559,21.332,16.98,18.383,14.203,16.923,18.787,17.448,12.594,10.942,35.978,34.169,35.924,29.164,28.533,27.626,29.485,26.68,30.39,32.169,21.245,32.571,70.245,55.079,49.64,40.888,50.301,33.001,33.514,12.979,25.154,104.407,83.7,67.769,92.629,94.906,106.018,88.163,104.282,98.616,92.806,88.971,130.275,106.709,75.387,121.24,102.826,131.008,116.474,98.058,109.838,119.946,107.446,112.997,133.679,115.833,83.76,141.634,131.023,134.951,151.485,122.385,125.12,132.191,123.644,125.339,116.902,118.711,104.104,106.183,137.392,137.224,132.272,128.406,132.796,140.717,135.976,155.943,165.437,120.403,90.349,147.244,154.477,143.39,158.016,140.376,139.755,152.925,159.322,141.669,163.224,143.28,107.643,153.002,142.814,143.283,195.616,162.431,162.171,150.169,127.137,133.67,141.678,155.831,105.883,183.675,167.891,171.604,185.891,158.84,175.773,210.592,146.245,175.086,223.494,176.771,128.197,178.53,197.035,226.522,187.424,184.687,218.764,214.269,221.555,235.533,199.351,207.904,204.094,164.224,193.871,198.212,190.33,219.988,198.833,234.193,203.151,235.682,186.402,201.308,123.39,224.445,265.672,230.901,223.478,264.892,264.892,277.392,280.518,261.764,239.104,218.788,166.826,247.699,318.416,270.359,281.3,287.941,339.512,306.696,286.771,342.248,270.752,270.359,237.932,302.788,357.486,334.434,401.634,347.718,373.503,427.028,445.391,418.435,356.703,321.542,200.817,355.922,409.84,416.872,435.623,376.629,388.349,445,432.888,368.033,366.081,386.787,300.444,361.392,522.748,441.483,457.111,428.591,509.075,471.567,477.427,475.865,419.997,511.811,391.084,516.108,607.529,511.811,532.127,552.833,556.35,562.99,566.507,552.052,542.674,598.934,366.081,726.301,756.385,616.906,682.152,700.124,682.934,631.362,741.146,838.43,774.355,856.401,732.551,777.091,923.211,838.43,992.753,831.007,747.79,888.049,953.294,847.025,877.892,861.871,593.074,911.49,882.579,809.519,839.212,718.096,764.587,870.075,732.16,881.407,779.826,827.1,575.101,1116.995,868.124,1015.414,1273.273,1188.882,1215.84,1237.329,1161.924,1194.352,1203.338,1158.019,1152.549,937.666,1329.14,1310.389,1253.348,1408.843,1294.761,1358.444,1349.848,1454.947,1284.211,1475.26,1018.149,1488.545,1231.859,1026.353,1211.934,1249.832,1150.986,1141.608,1165.441,1043.545,1083.787,1176.38,849.761,1347.113,1296.714,1041.983,1241.627,1163.879,1113.087,1180.287,1101.757,1082.614,1124.028,1376.025,1108.009,1252.957,1562.387,1054.483,1312.732,1197.479,1107.62,1382.277,1211.934,1156.846,1165.052,1269.365,761.463,1376.807,1219.356,965.797,1112.307,1021.666,1028.307,1122.08,980.643,1029.089,1117.777,1381.495,1019.712,1649.121,1503.784,1255.692,1386.964,1200.603,1354.928,1449.477,1220.921,1306.091,1537.773,2279.309,1953.08,2015.982,1965.583,1788.598,2215.626,1832.748,1863.612,1988.244,2127.331,2049.973,2365.655,2575.456,1701.473,2621.558,2411.756,1867.129,2222.27,2038.643,1740.152,2095.292,2006.996,1988.633,2431.289,2920.05,2675.083,1760.469,2115.61,1895.648,2455.514,2453.56,2183.201,2632.106,2301.58,2325.803,2556.704,3035.694,2049.973,3660.02,2780.18,2408.63,3201.74,2804.01,2450.43,3064.21,2443.4,2598.51,2539.12,2802.8,2029.66,2970.84,2305.1,2094.51,2594.6,2266.81,2296.5,2575.07,2362.92,2567.64,2484.43,3221.67,2791.9,2615.31,2747.75,2228.13,2658.28,2466.45,2577.41,2867.7,2657.89,2680.16,2685.63,3196.27,1834.31,3348.64,2493.41,2078.49,2720.8,2574.68,2366.83,2920.05,2481.69,2306.66,2548.11,2937.63,1865.96,3396.31,2611.01,2114.44,2550.06,2524.28,2113.27,2703.61,2330.1,2091.39,2187.11,2816.52,2182.42,2310.18,2241.02,1753.44,2396.52,2151.94,1678.42,2054.66,1850.72,1858.92,1999.18,2419.57,1622.55,3016.16,2031.61,1501.05,2098.81,2169.14,1854.63,2204.3,1798.76,2129.28,2044.11,2474.27,1724.52,2869.65,2456.69,2082.01,2855.19,2773.93,2687.98,3003.27,2709.07,2873.56,3046.63,4022.98,2817.69,3731.91,3455.3,2707.51,3713.16,3538.13,3250.19,3676.04,3221.28,3147.43,3426.78,4330.46,2727.44,4329.285
    Paper & Paper Products,31.194,30.25,33.34,33.155,29.181,31.845,30.844,34.535,32.517,33.328,32.546,31.999,50.491,53.771,58.777,58.697,57.669,62.035,55.965,62.719,87.564,94.811,80.308,93.28,80.207,98.665,84.763,92.177,90.059,92.724,90.683,99.475,103.579,114.123,111.227,99.946,106.235,103.13,91.629,96.885,104.381,107.554,103.853,106.939,93.843,111.024,82.97,111.597,101.837,106.83,103.927,109.452,91.781,100.678,101.391,94.889,94.487,113.869,84.458,100.095,107.264,100.507,103.533,104.42,97.05,92.396,92.297,81.814,94.842,107.054,92.21,81.965,94.253,92.112,95.724,102.706,98.154,111.714,98.396,102.511,106.117,107.967,86.49,103.856,101.129,106.182,110.857,102.331,100.604,101.612,98.626,100.931,103.097,98.509,79.97,97.374,97.421,92.414,97.9,95.221,97.678,95.483,95.743,96.894,91.938,98.424,78.756,84,90.79,89.948,88.053,96.065,99.705,88.511,101.984,94.843,97.918,104.822,84.821,97.487,100.686,93.212,102.232,95.854,94.723,96.128,99.615,97.495,100.358,99.538,83.462,102.634,98.319,105.738,103.524,110.698,108.881,101.486,101.854,100.085,101.043,104.182,83.883,98.99,103.512,102.504,104.359,104.02,99.728,106.495,101.536,108.176,110.358,99.867,81.12,95.544,87.064,94.03,98.806,91.305,98.547,96.32,95.486,100.566,96.519,104.474,97.586,88.268,102.367,94.972,98.177,99.391,100.496,95.688,96.831,93.152,104.888,108.05,85.765,99.24,102.27,99.859,99.557,105.083,104.982,106.59,115.933,108.097,107.192,114.727,86.196,100.16,96.343,98.753,96.744,101.666,99.156,103.475,102.672,93.931,93.329,89.913,76.25,72.734,90.516,93.329,101.666,103.073,100.26,108.6,104.781,101.666,106.59,97.75,82.981,99.457,96.644,99.056,108.8,96.444,107.896,105.385,102.37,103.778,103.978,105.685,78.561,96.744,107.896,106.388,96.042,94.435,96.544,90.716,96.644,88.507,89.511,90.616,77.557,80.068,101.566,92.828,95.538,93.931,91.622,88.105,90.014,85.293,86.8,89.511,75.146,89.813,84.187,86.497,88.306,86.597,85.493,86.296,90.918,86.397,83.483,87.402,78.059,74.24,82.178,74.844,83.885,84.79,80.369,82.278,79.766,83.182,83.081,84.388,65.903,78.762,74.443,69.72,81.174,83.283,79.867,82.379,83.283,90.516,85.894,85.694,63.994,83.383,78.762,74.844,81.072,70.022,72.734,72.231,74.744,76.351,77.758,78.259,74.844,67.209,69.62,93.53,88.206,84.087,88.306,85.393,82.881,80.268,71.931,83.483,63.592,73.137,98.553,90.616,88.407,84.087,77.355,81.675,83.584,77.456,79.968,81.775,59.976,73.739,81.072,84.287,78.36,79.365,77.758,78.661,80.772,76.753,78.461,80.571,65.602,74.24,105.585,85.694,96.343,97.146,79.968,94.032,89.411,87.402,94.735,86.9,67.912,96.142,94.435,96.343,97.95,94.937,93.931,105.585,99.859,100.563,100.26,98.151,69.118,112.316,100.563,108.198,101.165,100.863,101.265,107.795,111.413,105.987,99.959,102.37,82.379,99.859,101.969,97.65,96.946,93.831,97.448,98.653,96.343,85.393,97.046,104.48,67.109,91.922,98.051,87.903,88.105,91.118,93.931,94.435,89.109,84.388,90.516,86.296,85.794,69.418,100.16,85.694,87.402,89.109,84.087,99.357,93.429,80.369,84.99,94.032,62.387,93.931,104.48,90.616,96.845,95.538,111.211,103.375,97.75,98.251,114.928,102.87,63.894,115.029,109.704,97.65,94.233,89.712,111.413,92.525,95.64,100.059,89.511,98.151,81.374,83.885,96.343,83.483,77.053,88.004,110.608,92.928,98.753,98.251,93.931,86.597,62.789,102.37,103.174,81.474,81.474,84.99,109.201,95.338,99.759,86.296,91.219,88.306,54.952,93.831,103.676,77.053,72.835,86.8,90.818,92.928,80.671,84.488,82.68,73.639,59.976,66.003,74.24,54.852,58.268,64.596,69.017,70.926,54.349,61.683,65.4,56.158,43.198,58.268,55.455,46.212,48.925,56.56,56.459,65.099,50.833,64.496,61.984,54.349,37.17,61.281,66.707,64.296,56.459,58.97,71.026,69.922,64.596,65.2,58.468,57.062,39.983,56.058,66.808,53.848,57.866,63.894,74.04,70.725,70.524,71.026,64.596,70.524,43.902,99.859
    Wearing Apparel,178.586,216.394,216.252,215.547,228.132,246.903,180.357,224.206,190.55,164.111,166.776,162.875,161.64,214.864,245.526,182.897,243.953,229.534,185.144,225.573,150.413,145.25,90.502,214.742,180.223,185.483,182.169,121.283,157.095,220.863,118.805,183.474,158.037,152.997,125.34,174.626,126.772,189.216,204.577,195.143,278.287,308.094,277.689,252.303,258.432,237.403,147.464,302.51,141.14,197.747,203.729,155.049,182.943,184.822,221.854,163.486,142.85,115.767,93.483,174.717,115.324,130.64,93.59,94.994,130.928,163.771,186.769,152.099,92.259,74.863,67.325,124.676,112.301,123.384,86.878,95.619,134.26,154.691,138.037,99.127,74.89,42.839,37.036,100.938,52.233,37.201,33.176,34.492,38.229,66.25,39.646,37.477,41.511,30.984,27.202,41.875,53.344,36.454,27.743,31.888,46.746,56.426,70.928,41.022,36.868,30.744,34.421,45.768,49.291,50.375,25.17,34.853,33.496,57.42,48.768,33.693,27.605,33.635,35.196,54.837,51.998,40.506,42.647,42.498,55.867,50.82,60.516,53.136,39.065,31.058,60.022,52.617,80.844,42.274,34.816,57.238,99.004,99.351,119.697,136.372,125.837,144.335,140.146,154.808,197.255,125.02,159.794,194.853,160.688,182.275,181.93,151.598,134.688,166.796,129.504,155.928,162.308,171.126,181.07,234.655,245.091,228.433,233.986,155.398,131.436,171.323,220.244,161.309,184.837,198.219,245.528,269.99,217.149,255.858,227.624,182.211,165.406,171.172,161.44,213.787,252.808,163.696,201.473,234.406,240.217,291.552,295.428,222.781,232.467,204.377,304.145,430.065,344.826,339.015,416.504,488.182,576.326,506.586,472.685,342.89,324.486,407.786,493.025,547.267,498.837,633.474,848.508,802.982,848.508,676.094,689.655,801.045,591.823,648.972,613.134,688.686,752.615,833.008,925.997,1049.978,1086.786,1239.828,1134.249,918.247,903.718,921.154,919.216,938.588,1145.872,1226.267,1148.778,1144.904,1048.042,1289.228,1250.483,1220.456,1031.574,1010.27,786.516,1008.329,1103.252,1050.949,1358.967,1072.258,1390.932,1510.072,1419.99,1167.182,1182.68,893.064,1215.613,1385.121,1458.735,1519.759,1789.032,1805.5,1588.53,1661.176,1865.553,1480.043,1113.909,1115.845,1244.671,1113.909,1687.328,1265.012,1743.508,1794.843,1280.51,1911.079,2002.127,1593.373,1310.536,1038.356,1177.837,1337.658,1776.441,1419.99,1816.154,1831.651,1869.428,1808.404,1713.481,1430.645,1487.793,1234.985,889.189,1311.504,2005.034,1871.364,1769.66,2080.586,2004.066,1809.372,2427.35,1600.152,1357.999,1634.054,1193.334,1639.865,2964.93,2135.797,2249.124,2922.313,2527.117,2141.608,2154.201,1937.231,1556.565,1477.139,1057.728,2280.121,1801.625,1736.726,1877.177,2349.86,1913.984,2039.903,2199.725,1740.601,1527.506,1553.66,1650.521,1908.173,2505.808,1693.139,1759.005,2427.35,2004.066,2098.989,1917.859,1393.836,1348.313,1576.905,850.444,1856.835,2368.264,1668.924,1618.556,1827.776,1980.82,1863.616,1897.518,1237.89,1140.06,1369.621,931.808,1478.107,2249.124,1622.431,1616.62,1986.63,1877.177,1800.66,1875.239,1296.007,1264.044,1399.65,1374.464,1820.029,2090.273,1536.224,1800.657,2496.123,2520.338,2279.152,2884.537,1661.176,1666.987,2002.127,1284.384,2146.451,3177.059,2419.602,2356.642,3096.664,2890.348,2546.49,3183.839,2266.56,1970.164,1906.236,1481.014,2220.065,3358.189,2664.66,2501.934,3159.623,3519.947,2927.156,3785.348,2504.839,2368.264,2696.625,1996.316,2687.907,4513.747,3446.333,3244.863,3838.622,4220.256,4236.724,4475.003,3308.791,2710.186,3064.699,2437.035,3540.29,5504.64,4147.61,4149.55,4177.64,4323.9,4516.65,4608.67,3592.6,3089.88,2946.5,2678.22,3759.2,5333.2,4289.03,3498.64,3811.5,4604.8,4418.82,4814.99,3925.8,3388.22,3259.39,2457.38,3820.22,5873.68,4874.07,4210.57,4630.95,5089.11,4681.32,4734.59,4068.19,3292.32,3427.93,2229.75,4012.97,6282.44,4883.76,3905.46,4019.75,4672.6,4175.7,4656.14,3648.77,3369.81,3090.85,3231.3,4201.85,6176.86,4722.97,3499.61,3704.95,4375.24,3738.86,4463.38,3240.02,3197.4,3532.54,2668.53,3883.18,4837.27,4286.12,3362.06,3776.63,4195.07,3487.02,3792.13,2590.08,2552.3,2796.39,1932.39,2626.89,4195.07,3572.25,2603.64,2785.74,2839.98,2948.47,3075.35,2709.22,2398.29,2372.14,2241.38,2955.25,4212.51,3812.47,3148.97,2769.27,3080.2,3119.91,3701.08,2323.71,2477.72,3158.66,1868.46,2897.13,4457.57,3458.93,2578.46,2685.97,3014.33,2594.92,2865.16,2098.99,2171.64,2387.64,1810.34,2528.086
    Chemicals & Chemical Products,95.485,91.084,90.428,88.125,95.495,104.592,102.012,100.258,98.036,93.538,91.427,94.318,101.911,85.917,86.472,91.041,96.478,99.206,99.691,101.135,99.881,103.312,94.365,101.673,100.635,93.935,91.057,85.414,81.964,95.169,94.234,99.391,99.526,98.27,82.527,92.316,97.968,92.073,93.66,98.703,88.585,95.668,104.614,105.72,108.293,118.422,102.607,112.632,112.432,107.648,108.064,110.402,105.349,93.285,118.776,110.838,113.379,117.991,107.27,116.624,112.27,99.987,93.824,99.143,106.446,101.951,90.817,94.382,97.379,104.899,101.75,103.763,95.837,86.996,91.153,96.26,101.326,102.916,100.178,107.953,104.039,107.099,96.79,109.453,100.656,103.913,102.535,94.365,102.511,105.979,103.1,105.469,102.337,104.363,95.323,100.674,102.361,100.251,103.715,101.61,96.445,98.265,101.415,96.364,90.512,95.607,87.867,88.072,89.001,92.833,90.167,92.178,94.694,93.102,91.692,91.409,92.311,92.343,86.456,85.092,85.693,89.741,91.286,92.294,93.179,96.336,96.45,91.975,96.298,97.251,85.624,87.782,86.057,79.003,87.085,90.137,92.162,93.286,90.747,93.382,90.712,92.192,83.246,89.343,86.908,79.495,81.05,81.604,87.783,83.467,77.854,81.668,80.427,84.329,72.351,78.443,76.261,77.462,79.814,77.157,79.667,80.441,80.455,80.796,78.067,83.935,74.439,73.35,71.776,72.008,70.536,74.147,70.567,79.894,83.897,84.645,78.939,88.183,77.092,85.149,79.11,75.643,77.168,76.753,78.209,77.862,77.723,79.595,78.624,75.851,65.036,72.454,75.851,69.75,68.363,67.808,65.866,71.483,65.105,57.478,57.478,54.843,49.435,48.741,45.899,48.811,62.955,70.582,63.926,68.224,70.998,72.246,72.593,73.494,67.461,74.118,69.541,70.166,69.334,66.283,68.779,70.027,68.779,72.523,69.957,73.841,62.678,69.819,65.728,66.283,63.995,63.717,60.945,65.659,66.491,69.75,64.966,70.166,60.112,63.094,66.145,61.915,65.313,57.963,60.251,62.886,59.281,62.608,61.984,64.619,57.685,63.094,64.133,60.875,61.222,62.54,62.123,58.934,64.133,62.331,63.371,64.966,58.587,60.528,63.717,56.368,62.331,61.014,53.179,57.963,60.528,60.251,60.598,59.35,52.902,60.598,64.827,47.909,55.328,54.635,50.683,62.886,64.48,63.648,57.547,53.665,52,47.008,51.03,49.574,48.88,49.019,41.115,48.395,40.075,42.917,41.947,46.107,45.622,34.806,54.288,42.085,47.632,46.107,40.907,41.878,42.987,45.275,37.579,39.521,38.272,41.462,41.67,39.868,42.501,44.859,37.025,39.243,40.283,35.221,35.291,39.937,38.965,31.269,26.971,32.587,36.4,37.787,35.569,42.016,35.499,27.11,32.378,31.894,40.56,28.15,36.747,35.916,39.104,46.731,40.907,42.432,35.083,25.862,24.544,36.054,31.478,24.129,23.643,20.107,23.573,26.278,21.286,25.792,23.573,20.454,21.493,26.832,23.573,17.958,22.257,15.115,14.421,26.971,17.681,26.554,22.88,19.275,20.939,25.099,23.226,16.917,23.019,18.512,21.632,25.099,17.125,24.336,21.216,18.305,20.523,23.505,19.483,15.877,19.483,15.115,15.323,20.315,12.342,20.454,21.493,16.848,18.997,21.493,20.315,13.936,19.344,16.086,14.491,14.976,12.688,21.702,19.552,15.53,17.472,22.049,18.997,16.016,na,na,na,na,na,na,na,na,na,na,na,na,na,na,na,na,na,na,na,na,na,na,na,na,na,na,na,na,na,na,na,na,na,na,na,na,na,na,na,na,na,na,na,na,na,na,na,na,na,na,na,na,na,na,na,na,na,na,na,na,na,na,na,na,na,na,na,na,na,na,na,na,na,na,na,na,na,na,na,na,na,na,na,na,na,na,na,na,na,na,na,na,na,na,na,na,na,na,na,na,na,na,na,na,na,na,na,na
    Leather Products,86.559,85.274,73.551,143.335,86.664,82.957,147.244,52.758,61.019,135.065,33.26,36.858,79.642,44.327,126.525,47.654,64.233,108.542,35.631,32.869,76.164,62.863,51.399,97.752,121.048,68.787,75.155,86.105,88.59,123.976,120.381,135.625,132.308,114.604,103.769,76.06,119.929,143.128,95.676,103.924,102.296,100.03,97.918,98.461,92.377,66.233,64.312,100.797,92.07,89.444,85.118,118.791,103.026,113.071,106.615,97.368,74.481,82.063,71.078,79.992,77.601,84.658,75.41,44.601,47.976,87.504,86.387,1.281,50.483,27.815,50.952,71.093,113.066,69.815,118.61,95.932,82.947,113.375,98.799,112.156,97.236,109.401,70.065,118.598,94.707,111.345,114.33,107.234,110.867,123.96,114.292,114.883,126.954,120.269,89.906,118.305,164.009,135.271,122.425,124.399,102.72,101.996,104.525,107.253,136.599,126.079,105.877,114.009,122.738,109.968,130.295,133.205,130.533,110.635,155.314,154.825,140.383,120.458,115.063,201.096,99.909,145.626,133.618,165.643,149.335,159.774,160.586,171.259,184,159.149,117.053,182.46,142.151,189.782,158.133,160.467,139.385,165.434,171.654,159.679,163.325,173.144,152.594,171.843,149.536,160.33,174.466,182.492,179.464,177.791,210.145,219.942,205.712,190.789,152.021,227.996,185.778,159.466,207.16,157.816,162.726,172.225,183.838,163.705,161.831,158.614,151.026,137.397,166.059,220.457,167.901,186.758,180.576,185.184,181.312,170.549,160.107,143.725,108.728,159.777,172.845,176.176,127.01,157.994,104.987,126.497,148.52,110.11,126.497,160.811,100.634,150.312,153.129,116,134.948,124.705,114.463,113.695,163.883,139.302,121.377,161.067,135.972,136.228,173.615,161.323,180.529,222.779,209.719,215.097,233.277,237.12,235.838,227.388,189.234,317.525,233.79,262.982,284.235,250.691,255.3,266.568,261.701,226.876,256.836,290.893,210.743,271.945,290.125,286.796,259.14,243.009,221.755,243.265,210.743,277.066,278.602,292.686,225.083,252.483,285.26,245.314,250.947,217.914,243.521,259.909,277.578,276.04,258.373,283.211,194.611,276.81,252.995,249.922,252.483,244.544,225.083,235.838,238.911,225.852,262.215,288.588,243.265,213.305,229.181,218.682,241.215,216.378,214.329,252.995,207.158,218.682,226.364,218.426,163.628,245.824,205.624,244.544,243.265,220.219,247.616,248.898,242.239,259.397,278.346,241.215,222.267,275.786,247.616,293.71,315.22,245.568,287.053,292.43,261.445,313.427,294.478,330.073,268.102,252.227,314.706,367.201,375.652,356.447,331.865,302.928,285.26,240.705,254.276,302.159,238.144,290.381,300.367,313.94,329.303,308.306,284.748,311.379,268.102,215.61,230.205,215.866,164.907,214.841,300.625,308.05,207.158,188.978,218.426,185.906,185.906,175.152,198.196,206.648,207.928,202.549,240.959,243.777,261.701,254.276,233.79,225.596,147.496,179.248,172.077,231.485,144.679,232.511,271.687,256.581,268.102,240.959,231.997,265.544,174.639,242.753,197.428,243.009,148.264,260.677,245.568,280.649,259.14,246.85,330.073,285.004,261.959,306.514,224.315,304.464,243.265,299.855,384.614,360.801,347.997,290.893,290.381,273.225,235.07,280.649,268.871,323.414,223.035,330.839,393.32,374.884,316.244,332.376,295.502,322.902,234.814,253.763,267.592,396.136,369.507,317.525,408.429,396.649,338.777,314.964,273.738,334.682,264.774,328.791,298.575,313.427,252.739,447.351,297.04,350.814,392.296,308.563,329.047,352.349,281.931,303.186,295.248,352.35,338.521,506.503,259.397,316.757,311.635,368.225,315.476,303.696,265.286,315.988,282.443,329.303,336.73,374.372,310.355,384.87,321.11,340.315,356.702,302.417,272.457,282.7,274.248,285.26,251.459,393.834,333.912,463.226,420.207,424.56,492.164,323.158,313.683,257.092,271.177,263.75,355.678,467.835,360.545,479.872,437.877,375.908,382.31,333.4,262.215,208.182,330.583,315.732,315.988,467.579,312.148,378.725,391.783,285.004,304.21,271.177,247.874,319.317,260.167,229.692,219.45,486.017,273.992,362.079,328.279,285.516,296.526,258.373,225.083,254.02,249.922,241.473,292.43,511.88,354.398,591.006,499.333,410.734,534.415,396.393,344.412,383.846,365.922,381.286,360.287,582.811,404.074,437.107,409.197,356.191,398.441,295.248,283.724,267.592,303.952,252.483,303.44,475.518
    Wood And Of Products Of Wood And Cork,136.527,138.234,148.36,151.021,130.571,142.87,131.824,143.921,148.622,142.897,137.463,129.683,153.366,134.711,154.469,154.822,147.69,156.507,146.113,154.335,146.083,142.237,129.556,155.489,134.775,134.936,154.628,138.347,149.306,159.461,141.982,157.824,153.778,184.524,152.205,156.648,168.332,162.318,149.403,180.398,152.11,151.825,148.381,141.304,177.619,143.86,118.506,151.257,144.651,156.385,141.959,155.677,128.192,131.822,122.539,122.869,115.843,119.4,92.241,101.949,103.021,95.555,91.321,88.2,77.04,78.899,79.507,66.746,77.01,93.956,85.091,89.404,104.964,102.917,110.013,104.971,101.133,96.942,94.702,99.138,103.32,108.82,69.666,103.414,105.827,107.126,129.972,98.547,100.018,114.422,107.033,119.019,113.73,127.972,102.3,124.253,129.166,122.072,123.338,118.296,123.146,106.082,124.959,127.923,114.911,137.472,106.426,123.855,137.473,132.515,122.718,131.818,134.052,121.403,126.448,134.475,115.543,121.653,90.862,121.721,136.667,119.217,113.257,123.177,123.648,161.119,146.491,122.105,137.197,146.432,108.17,132.354,130.617,134.769,143.713,145.457,129.02,165.439,130.426,147.69,135.142,133.405,120.291,166.823,135.965,133.008,132.663,140.671,141.923,152.213,138.091,133.916,140.808,131.963,97.45,138.632,131.573,114.751,109.447,123.792,131.806,132.089,121.906,133.413,115.766,134.73,112.801,103.172,117.689,121.598,119.495,138.532,141.147,129.819,124.831,123.549,124.66,136.87,96.718,130.511,141.296,122.47,135.331,117.25,131.602,140.924,125.824,128.808,135.89,147.634,108.862,129.552,145.21,113.336,133.095,130.112,131.416,141.296,139.619,121.538,118.741,120.418,108.862,123.028,158.818,133.466,167.207,179.137,168.699,172.986,177.458,170.562,173.173,165.53,128.061,191.439,166.647,202.624,185.288,193.118,193.49,187.152,200.387,191.066,181.56,175.781,158.259,201.693,181.932,210.08,185.474,194.795,214.741,213.249,211.944,230.399,210.64,202.437,154.345,185.474,189.389,170.003,186.221,181.188,174.477,179.137,180.628,172.613,175.781,172.053,133.466,197.777,197.777,170.936,195.168,179.695,180.068,193.863,183.611,178.578,174.85,181.932,145.024,140.177,166.647,150.616,168.699,160.123,133.281,161.802,149.684,140.552,165.902,150.431,108.675,144.279,121.91,155.649,131.976,121.91,133.653,164.038,144.466,142.789,144.093,136.823,96.559,142.042,153.6,197.405,153.04,143.72,146.888,177.274,155.464,173.359,146.516,175.967,140.552,181.188,240.092,259.479,192.559,188.271,182.305,178.391,174.85,177.274,163.479,178.764,130.671,178.578,190.135,229.84,184.916,176.341,165.902,191.999,175.223,162.919,164.223,170.749,126.944,162.919,228.721,218.095,212.504,217.351,224.62,216.605,177.646,169.257,149.871,135.703,112.963,178.205,206.351,223.316,232.636,209.335,208.215,194.795,187.525,175.781,175.781,133.839,102.338,179.51,210.825,243.261,225.552,214.368,226.297,229.28,182.865,201.693,193.863,191.066,108.862,209.148,210.08,205.42,185.288,203.183,235.245,210.453,196.1,198.709,202.997,183.611,111.285,216.418,172.053,223.502,203.93,221.079,239.16,214.741,214.554,201.319,204.861,195.727,128.994,209.708,194.795,201.693,234.873,246.802,255.937,245.125,238.228,237.295,222.196,210.08,158.818,176.341,229.653,260.223,248.666,253.7,251.276,251.463,264.884,215.858,225.739,252.395,139.619,240.465,211.199,212.317,222.383,246.244,281.473,250.53,255.937,219.773,242.516,246.99,154.345,263.951,276.815,279.983,262.274,275.695,325.28,277.373,311.113,260.037,272.527,300.115,195.913,264.324,307.199,298.251,299.742,331.058,359.206,303.098,334.786,277.559,300.301,276.628,168.884,285.016,203.743,418.856,407.113,229.466,402.079,216.045,561.829,246.244,426.126,355.105,199.269,326.958,216.045,258.546,302.165,210.267,447.749,274.205,414.569,267.68,346.157,374.491,529.768,310.367,291.54,328.077,373.373,262.274,391.081,222.57,333.482,312.417,410.095,295.455,192.745,320.433,292.287,415.314,423.329,326.958,574.32,362.561,490.436,379.524,481.862,423.143,235.618,486.894,364.799,530.327,508.145,330.314,709.091,398.35,581.217,424.076,595.569,634.529,397.233,599.67,489.691,561.271,588.859,432.278,803.04,427.057,780.111,620.921,755.88,712.819,424.82,827.088
    Printing And Reproduction Of Recorded Media,78.291,74.821,76.957,70.223,70.139,68.734,63.34,68.732,71.486,71.544,72.255,68.407,80.296,84.206,79.548,68.688,70.718,71.56,62.861,65.775,72.29,73,70.859,75.717,80.918,85.449,74.769,71.342,67.562,69.675,61.563,71.649,66.037,75.844,68.887,68.321,97.096,92.031,82.579,81.478,76.984,74.486,73.817,71.798,79.261,84.015,65.792,87.856,94.196,93.207,79.678,74.103,69.691,69.032,65.214,67.166,74.127,82.265,65.849,83.809,104.521,91.07,87.572,85.8,82.501,81.158,69.616,62.449,75.27,90.163,94.286,89.374,103.113,111.406,105.445,100.522,106.018,100.315,87.715,101.316,100.1,97.881,81.398,104.771,108.021,124.332,117.391,107.135,107.203,110.015,104.295,112.161,110.118,113.231,92.923,120.858,118.118,137.739,125.771,124.514,119.52,122.825,112.498,121.435,121.261,131.737,110.048,111.125,136.121,150.444,141.644,132.243,133.375,135.631,128.809,140.096,146.027,151.38,152.192,145.988,157.521,177.474,173.068,170.381,165.828,174.779,152.28,164.338,174.88,169.186,143.579,168.351,164.89,191.441,183.141,175.531,181.24,175.997,169.752,181.321,173.468,191.379,154.424,167.942,181.602,209.148,193.935,189.917,188.515,192.08,185.874,189.909,192.554,201.781,149.966,190.281,206.302,213.864,213.396,198.425,206.881,196.173,194.976,212.128,201.374,220.971,198.141,183.846,222.209,232.59,220.152,220.67,223.83,223.166,221.908,218.332,218.254,235.823,170.552,222.614,233.911,248.112,246.504,228.283,215.155,232.303,219.442,234.448,239.271,237.128,171.212,216.496,235.785,250.256,243.825,229.088,229.624,232.57,208.994,207.922,213.012,215.155,193.99,192.38,237.395,256.419,261.778,265.26,264.19,269.011,261.778,270.352,267.137,269.547,213.548,271.425,263.385,296.876,276.782,282.409,275.174,263.385,274.102,278.389,254.276,281.336,209.261,259.365,282.943,284.82,268.477,275.979,264.724,256.953,256.686,266.867,252.399,279.461,220.247,229.893,269.547,272.226,264.457,264.993,247.042,249.184,262.85,250.791,249.184,261.508,185.95,230.697,255.616,259.903,254.276,260.17,249.719,251.06,247.576,249.719,233.643,251.596,221.319,206.851,256.419,264.724,258.831,267.939,259.365,249.184,250.524,228.821,218.908,245.432,184.878,222.39,247.309,267.405,240.61,255.078,258.293,243.825,236.59,247.576,234.984,262.85,193.72,231.231,255.347,257.491,248.917,254.006,281.873,247.042,278.926,281.336,273.031,295.804,255.078,253.204,301.701,327.424,311.079,326.084,328.227,299.29,312.952,311.882,310.275,311.882,239.002,282.409,303.041,286.963,290.179,281.069,283.481,274.639,278.389,264.457,260.973,262.85,196.133,232.036,264.19,242.754,244.092,245.969,251.329,235.518,251.329,251.863,231.769,266.065,211.406,224.534,277.854,272.226,284.553,283.481,271.959,266.333,285.623,277.318,268.744,286.963,199.615,262.045,265.26,283.481,273.031,263.118,268.744,254.006,274.369,255.616,253.204,283.481,205.509,258.293,274.907,296.342,269.547,286.963,278.656,263.385,279.194,249.719,240.877,273.834,195.061,234.984,279.728,297.414,256.686,262.313,261.24,232.57,262.045,244.359,245.969,267.939,181.663,228.821,263.652,272.226,241.415,246.773,237.128,223.195,251.596,233.375,226.944,235.518,199.348,178.18,226.944,247.845,230.697,221.586,219.175,217.299,230.428,211.94,204.974,217.032,159.694,198.007,207.386,222.926,221.05,208.458,219.175,201.759,201.492,193.99,193.72,202.03,144.688,191.846,192.38,219.709,196.667,191.577,210.333,180.591,191.31,186.218,164.248,183.539,143.08,159.423,171.212,208.725,183.806,174.429,180.057,164.782,174.429,157.549,158.889,167.997,120.839,152.19,181.931,189.97,165.587,157.816,148.17,163.71,151.921,138.526,133.971,147.634,106.372,132.361,159.156,176.571,149.777,140.401,135.309,150.047,132.361,131.024,128.074,133.701,98.87,108.783,142.008,149.242,136.648,123.787,120.839,140.935,117.893,120.839,119.767,134.506,86.813,108.249,125.932,142.545,123.787,116.018,107.982,135.042,117.09,120.038,115.751,121.11,89.223,117.893,134.773,146.027,120.839,114.946,139.596,113.07,118.162,114.143,111.731,113.338,81.187,105.568,124.054,133.971,105.568,105.568,124.325,95.12,102.622,98.065,96.994,105.301,66.985,98.335
    Refined Petroleum Products,104.842,97.315,94.308,92.095,100.964,98.685,95.106,100.586,95.335,98.64,94.456,96.373,102.321,103.367,96.728,82.5,89.871,93.751,93.462,98.648,99.885,101.8,93.144,89.993,95.404,92.923,96.904,84.704,89.901,96.341,87.133,76.218,91.324,99.728,87.299,95.915,93.729,90.739,96.662,99.117,97.685,101.81,92.187,90.446,86.706,88.678,85.561,86.847,88.223,84.166,84.313,88.444,90.39,91.002,94.434,91.373,83.524,85.344,74.538,76.715,76.92,71.563,72.864,70.127,74.018,70.828,71.355,90.966,92.174,102.69,99.821,108.996,109.784,104.845,107.88,94.415,88.394,84.309,108.444,112.362,97.907,78.457,96.735,116.472,113.572,106.172,103.481,91.317,101.66,105.718,106.17,109.693,104.716,108.133,101.195,113.095,113.42,112.034,114.553,108.342,106.71,109.622,100.946,100.153,97.383,101.61,93.915,111.966,107.1,95.828,98.797,97.678,101.61,103.515,98.065,99.895,87.805,95.486,90.289,90.89,91.785,78.565,85.976,91.468,90.43,105.264,85.966,95.748,99.071,106.256,90.456,98.708,77.959,64.72,79.274,88.765,90.669,100.253,91.839,94.346,89.197,83.317,81.233,90.625,89.092,85.218,93.672,97.497,97.496,96.263,98.703,100.103,88.424,89.084,96.468,95.786,104.229,102.996,99.456,91.148,96.16,98.619,100.899,104.616,100.602,100.611,98.433,101.358,102.753,102.666,83.315,103.198,103.791,108.808,108.994,101.169,85.998,99.883,99.294,106.389,114.592,106.037,105.361,90.841,96.019,101.985,88.027,92.98,95.344,96.92,78.008,87.351,96.244,95.118,95.907,92.98,95.682,98.495,99.846,100.071,88.927,96.244,96.356,106.488,107.275,108.626,115.606,110.765,114.255,113.692,113.917,121.008,114.592,117.631,110.877,115.718,116.73,115.606,119.432,113.128,118.307,100.746,110.99,105.586,115.155,118.307,103.897,113.128,119.995,115.155,109.527,109.077,116.505,119.545,108.626,122.921,95.006,112.341,108.851,116.168,120.446,114.142,120.896,115.944,121.91,122.472,119.319,119.207,96.582,115.606,104.123,122.022,119.995,111.665,115.493,115.606,113.128,99.846,109.527,92.98,103.673,102.773,97.706,94.105,99.058,84.2,95.907,92.754,92.754,101.197,90.954,98.157,100.184,103.897,91.291,96.356,98.72,95.456,99.958,87.126,88.702,95.006,94.893,76.77,89.828,94.331,71.705,88.814,89.828,84.537,88.139,83.862,82.061,85.437,83.974,92.529,84.65,101.647,94.668,108.064,107.163,99.058,102.435,96.131,87.576,80.71,87.238,87.464,82.174,76.545,76.545,83.974,91.966,92.191,84.087,91.74,78.909,83.862,99.733,106.15,107.388,113.917,109.64,112.003,104.01,107.613,100.522,86.338,97.932,107.838,109.64,116.055,111.665,116.392,106.15,115.831,119.545,111.552,120.446,115.381,110.99,109.189,110.427,109.753,89.603,96.469,92.078,109.302,108.964,101.985,104.235,102.322,93.317,91.628,102.548,109.865,105.924,113.692,102.998,112.003,100.634,102.435,107.163,90.391,98.157,98.27,98.157,100.184,86,99.733,97.706,106.262,109.976,101.985,97.145,96.244,99.733,102.21,99.62,100.296,103.673,106.037,96.694,100.634,106.713,103.673,104.573,100.746,96.356,97.032,91.178,91.516,98.044,100.184,94.668,101.873,97.819,95.456,97.258,83.074,73.73,70.466,79.358,82.174,79.134,94.218,87.126,95.907,92.529,87.914,86.563,77.896,87.464,90.053,86.113,84.987,63.6,88.027,84.763,96.807,89.04,84.874,86.225,79.809,77.67,79.584,81.61,84.987,85.549,81.047,74.856,88.476,87.238,84.537,82.961,61.911,67.652,64.275,64.501,75.983,72.043,76.432,61.799,77.108,76.657,63.262,66.864,64.388,66.188,68.777,70.241,62.249,59.435,52.907,55.157,63.713,59.885,70.354,73.73,59.885,72.83,66.752,62.361,51.218,47.953,51.668,52.006,66.414,67.427,70.917,61.01,75.645,68.215,60.11,68.103,78.234,68.215,68.665,52.682,51.218,53.019,48.853,68.328,61.235,56.958,47.953,55.382,62.924,72.155,59.66,65.401,75.645,66.639,55.833,68.328,59.548,63.375,55.27,74.068,77.67,60.673,63.375,77.559,84.537,59.772,70.579,64.163,58.422,75.87,63.825,50.429,78.459,55.27,53.806,53.131,66.976
    Pharmaceuticals And Biological Products,26.376,185.478,274.32,254.818,41.931,47.148,67.002,47.094,41.7,77.36,67.508,82.131,87.028,82.748,121.588,165.205,106.943,47.566,49.098,42.655,44.138,52.049,96.581,83.171,76.555,135.938,113.781,67.849,128.79,61.343,98.844,142.237,108.233,115.154,57.242,151.547,139.17,147.762,107.679,119.865,145.225,112.837,123.154,137.736,144.371,128.121,146.067,111.622,172.151,127.462,155.35,130,134.389,152.034,163.405,154.117,155.391,173.915,97.66,127.854,65.634,97.219,79.973,240.754,141.745,70.8,114.928,111.588,206.287,206.337,83.58,149.356,84.079,62.938,69.582,112.76,128.527,100.984,181.414,101.926,90.912,94.395,78.634,93.847,94.166,94.148,73.279,84.755,102.489,102.024,116.579,83.945,81.634,89.776,63.644,89.544,67.247,77.594,67.312,96.819,100.734,92.466,101.17,69.939,70.651,97.478,69.578,87.648,118.414,107.999,98.485,88.581,77.155,81.237,86.83,105.319,105.65,100.311,88.89,105.949,76.821,79.328,87.688,69.819,89.786,94.543,102.685,93.79,87.668,78.171,85.281,78.432,83.163,78.063,92.639,64.173,86.661,106.974,93.575,93.893,127.996,122.808,93.535,77.163,84.687,81.623,74.513,78.526,80.92,83.345,93.891,106.175,100.981,102.617,77.51,73.764,107.77,84.514,80.552,77.783,83.795,87.103,121.879,81.82,66.833,87.982,90.117,92.485,89.028,74.567,106.108,90.213,76.95,78.977,73.971,61.774,82.118,97.923,65.749,71.239,31.831,60.814,58.99,51.698,37.377,54.812,51.014,109.434,96.9,63.132,59.029,53.939,30.768,21.044,26.665,33.275,54.318,61.232,38.897,49.191,47.937,30.502,48.545,33.351,36.808,44.443,26.818,39.428,26.133,22.107,32.097,18.878,27.274,66.056,44.291,38.669,30.084,36.656,38.782,26.248,40.986,72.818,30.084,45.583,36.959,31.072,36.427,30.084,44.937,53.673,47.557,43.759,28.678,39.618,61.308,26.057,16.106,41.784,38.251,23.93,37.795,36.769,39.656,45.659,36.504,23.969,35.326,25.07,24.387,16.903,8.964,36.769,50.71,24.158,30.35,14.51,23.969,20.74,23.741,30.882,28.565,16.258,24.576,41.252,9.876,13.712,39.277,16.447,39.96,16.562,19.6,17.854,12.915,30.502,10.75,26.665,26.818,10.218,12.991,14.434,22.601,22.828,27.616,25.868,11.395,20.361,16.106,12.801,11.586,17.854,12.041,12.763,11.738,14.245,10.635,11.699,8.964,23.057,12.725,3.456,25.336,7.141,9.8,8.129,9.952,7.484,10.94,12.725,4.786,9.116,7.445,23.02,7.066,8.737,9.192,22.107,14.624,13.371,15.954,5.963,4.407,15.118,12.041,3.874,17.208,5.356,3.685,13.523,9.458,6.533,8.205,3.494,4.331,15.27,4.824,4.292,3.001,3.38,3.988,3.723,7.484,4.102,3.95,3.267,3.077,7.369,7.103,4.71,3.343,4.368,5.356,6.192,7.179,3.494,2.659,3.723,2.735,7.749,5.584,4.52,3.571,2.925,5.736,7.141,10.104,4.331,2.241,2.848,2.621,7.293,4.748,2.621,3.913,3.38,5.014,6.039,9.079,3.38,1.785,3.039,3.077,6.685,5.052,4.444,4.178,3.532,4.672,3.153,9.155,3.229,3.267,3.305,2.887,5.431,4.977,4.331,3.761,2.848,4.862,4.672,7.787,4.178,2.202,2.507,2.697,6.799,3.418,5.014,na,na,na,na,na,na,na,na,na,na,na,na,na,na,na,na,na,na,na,na,na,na,na,na,na,na,na,na,na,na,na,na,na,na,na,na,na,na,na,na,na,na,na,na,na,na,na,na,na,na,na,na,na,na,na,na,na,na,na,na,na,na,na,na,na,na,na,na,na,na,na,na,na,na,na,na,na,na,na,na,na,na,na,na,na,na,na,na,na,na,na,na,na,na,na,na,na,na,na,na,na,na,na,na,na,na,na,na
    Rubber & Plastic Products,108.686,103.595,107.827,109.32,108.19,120.282,114.811,113.295,113.284,106.468,105.36,100.456,111.447,111.18,110.267,107.263,107.442,119.069,108.216,109.001,106.038,108.364,91.152,108.04,101.728,107.085,109.648,105.722,111.637,99.886,104.09,106.219,95.529,108.329,98.9,98.761,117.896,119.507,117.374,125.897,123.973,129.986,133.003,129.008,125.02,133.274,100.199,114.721,125.878,121.02,117.189,122.605,121.316,116.345,116.888,115.256,117.161,120.801,99.65,108.769,111.528,106.171,106.06,107.264,95.941,95.172,94.884,84.509,87.846,105.172,94.868,96.172,97.563,99.444,101.507,103.959,99.047,104.447,98.372,103.788,97.03,104.061,85.122,105.659,99.945,97.187,101.333,101.265,105.331,103.558,96.31,98.457,100.487,103.8,91.646,101.848,100.136,105.687,100.962,104.34,108.628,100.715,105.968,104.226,94.923,108.178,90.998,95.443,105.088,109.403,96.569,107.448,101.451,96.93,97.247,95.676,95.885,103.139,82.477,99.68,98.224,99.466,105.477,100.157,95.176,109.386,103.276,104.911,119.632,125.891,107.519,133.748,125.791,116.189,120.839,120.968,119.771,122.901,121.981,119.879,117.479,118.165,104.585,114.173,116.018,118.185,122.574,124.384,124.781,131.425,120.681,119.421,123.742,116.961,91.557,116.86,107.538,110.921,120.065,114.314,125.66,133.082,131.207,133.608,127.636,136.547,124.94,113.45,124.868,116.391,124.197,126.24,125.973,131.098,136.406,130.766,130.106,142.295,110.085,134.502,140.402,132.24,137.07,144.732,146.065,147.064,148.396,146.564,143.565,165.716,123.747,145.397,146.231,138.736,151.56,150.561,132.074,143.066,134.405,118.75,120.083,113.587,102.761,99.762,116.252,135.072,154.391,162.553,154.225,165.217,158.555,156.057,166.383,158.389,142.067,172.545,149.395,163.719,166.05,167.048,170.047,172.212,162.719,167.548,168.715,182.371,149.061,180.54,164.884,173.045,173.378,178.708,180.372,165.383,168.549,158.555,157.556,176.543,145.898,158.555,169.382,168.216,186.036,182.537,168.382,168.881,170.213,163.052,162.886,171.213,127.244,170.047,160.887,155.891,170.381,173.71,164.051,166.882,153.226,147.23,149.728,162.553,140.235,136.57,170.047,168.216,183.039,172.046,164.218,169.881,162.219,155.391,152.059,164.551,126.744,146.231,145.232,161.72,181.538,175.544,187.368,191.033,179.207,182.038,184.537,184.038,132.74,168.216,149.894,162.886,152.892,150.727,158.555,149.894,151.394,157.888,162.053,176.044,158.055,163.219,194.696,239.331,239.331,233.502,234.669,207.355,207.521,197.527,188.867,227.674,166.549,187.202,207.021,200.192,191.365,190.7,182.038,171.379,167.216,158.389,152.892,167.216,118.75,141.567,150.227,151.394,153.892,155.557,149.229,148.562,147.896,144.564,157.223,179.374,143.565,141.9,183.039,196.362,197.861,200.192,188.2,193.031,189.366,184.371,185.703,180.372,116.918,167.881,182.371,179.207,203.689,182.206,190.2,198.694,199.693,197.361,198.86,219.012,146.397,206.355,230.338,237.333,222.677,210.352,223.177,207.521,223.343,197.027,189.2,215.183,159.054,178.375,217.347,215.848,214.682,205.356,205.356,185.536,189.533,174.876,178.874,199.86,129.908,163.551,191.699,189.2,186.535,179.707,179.207,176.044,168.047,164.551,160.387,181.872,148.729,118.25,164.884,167.216,170.88,162.386,164.384,167.382,159.22,156.889,146.397,173.211,115.253,158.721,167.382,164.717,184.371,166.715,169.548,168.047,154.059,164.884,158.055,174.38,125.912,166.549,159.887,167.216,170.88,152.892,159.054,143.565,151.726,146.73,128.576,153.058,127.244,116.086,145.232,151.726,155.058,148.396,159.22,145.732,155.724,150.727,151.06,171.713,126.078,151.56,158.555,141.734,156.224,152.059,162.886,150.061,157.057,136.904,150.061,178.708,125.912,139.735,143.066,130.742,149.562,138.902,134.072,146.397,139.236,133.74,131.741,137.902,127.577,96.932,121.747,102.429,120.582,111.422,104.593,118.084,104.76,107.257,120.748,121.581,91.935,103.927,98.098,94.767,115.253,127.244,119.749,125.079,106.092,132.408,141.067,154.558,119.915,140.901,146.73,149.229,156.889,132.074,159.554,148.063,141.401,147.397,133.073,163.551,146.73,140.068,146.065,130.908,156.556,141.734,150.394,143.399,143.399,143.399,132.574,157.057,118.084,135.571
    Non-Metallic Mineral Products,115.809,103.047,116.379,102.465,107.527,109.881,103.231,96.701,96.131,92.475,88.191,92.331,105.532,102.024,100.391,98.059,106.462,105.666,98.548,101.086,97.549,98.46,77.567,95.526,101.247,105.83,107.566,100.712,108.515,103.029,107.078,110.494,96.828,103.026,88.029,81.653,99.442,102.382,98.569,97.077,103.988,94.195,99.091,92.212,95.696,102.998,75.962,95.951,114.925,98.903,97.146,94.945,91.832,99.944,99.898,94.143,92.324,98.606,78.633,88.928,94.166,85.064,78.504,69.701,50.126,26.383,24.513,16.578,27.928,102.823,98.227,94.22,107.938,104.123,101.263,103.794,101.602,111.73,96.667,93.303,92.901,100.471,75.699,110.51,102.623,102.132,106.677,98.377,110.547,122.852,110.147,104.723,100.319,102.961,84.564,111.81,110.048,119.755,117.923,121.406,118.657,116.99,129.55,120.483,119.65,128.974,111.897,113.25,136.275,129.422,133.781,142.5,144.49,131.048,166.648,164.953,161.439,170.952,130.091,151.212,173.686,160.145,162.511,158.39,164.075,171.954,173.179,185.596,160.713,157.393,125.499,170.082,165.9,152.768,152.254,146.438,147.976,148.465,141.962,149.849,143.867,150.895,126.539,154.888,178.568,150.371,173.919,169.197,187.483,193.683,175.875,183.398,186.936,180.526,139.014,190.331,207.099,171.911,190.238,174.331,184.206,187.715,180.232,164.529,172.058,183.138,163.888,157.123,224.889,174.588,179.111,176.903,184.291,186.501,180.94,180.235,176.664,178.933,141.995,181.832,204.483,177.847,150.373,144.501,171.347,165.685,164.425,170.089,186.236,149.954,143.662,176.589,199.03,180.993,149.115,157.504,166.313,175.542,174.912,166.732,151.422,160.439,145.759,162.748,208.887,176.798,171.975,185.397,178.688,183.511,179.525,154.568,177.428,155.407,140.307,178.478,214.759,172.394,183.092,173.443,174.074,157.923,233.214,244.122,268.238,247.268,220.211,228.81,248.735,238.25,252.091,229.02,245.589,201.966,195.465,252.091,272.433,255.867,213.082,240.974,289.212,242.864,230.489,223.357,205.531,239.297,234.055,248.735,269.079,260.48,223.778,297.181,332.205,284.387,290.261,287.115,282.92,291.519,283.759,285.647,301.585,287.534,255.867,236.781,282.292,273.065,258.802,226.294,213.502,225.875,221.052,257.753,266.771,265.722,228.601,274.321,282.501,283.55,300.118,247.687,256.076,250.622,266.98,279.774,295.714,307.668,225.456,292.358,272.433,237.828,260.062,220.002,225.666,278.516,263.625,278.725,306.199,319.411,299.699,290.681,403.513,381.701,437.278,400.576,367.44,360.309,323.397,361.567,347.096,362.615,267.401,335.142,385.057,349.193,370.166,354.226,350.663,337.869,352.34,367.02,396.591,384.008,306.619,384.847,425.533,410.853,434.551,405.612,386.105,371.425,371.214,380.024,403.513,440.424,405.612,406.03,506.488,469.575,511.102,467.479,431.405,430.358,433.713,444.408,459.51,463.494,370.166,529.977,541.722,510.474,473.351,446.296,443.989,447.764,461.817,468.319,486.773,496.422,394.076,534.172,570.035,512.151,497.68,485.726,438.327,398.269,395.962,393.656,386.315,378.974,308.926,384.638,431.196,402.254,403.513,381.073,377.297,350.031,361.357,382.331,387.782,397.222,316.476,440.215,454.476,420.71,415.676,387.154,357.162,354.437,355.067,352.34,360.52,354.857,358.002,316.058,395.753,361.357,362.197,338.288,320.252,302.636,295.295,318.574,293.196,309.975,238.25,330.947,358.841,324.656,349.403,305.361,292.568,284.597,263.415,269.917,242.442,252.3,212.663,299.699,273.065,282.92,267.82,254.607,247.058,228.81,239.927,280.404,247.268,249.573,214.759,209.936,283.55,272.854,234.055,237.828,232.166,205.741,229.229,220.841,217.695,213.082,161.699,232.796,253.349,256.076,207.418,197.562,188.334,185.817,224.616,184.139,197.562,194.205,135.274,239.507,253.14,244.959,186.864,199.869,177.637,198.609,196.514,186.446,208.677,202.804,174.074,205.322,252.93,238.037,199.03,208.887,199.658,216.437,211.403,249.993,216.226,195.254,156.035,277.888,223.987,214.34,210.775,201.546,209.098,211.194,207.629,305.361,287.115,292.568,217.906,524.524,365.761,498.938,378.555,383.169,396.172,375.829,433.923,528.509,459.72,449.023,264.253,734.25,456.574,518.024,370.584,356.325,421.339,403.513,469.575,549.272,507.956,450.911,369.328,799.056
    Basic Metals,145.827,140.185,111.12,160.812,98.381,125.803,88.681,88.098,86.258,108.793,104.637,105.106,95.809,93.833,85.615,76.987,90.52,98.162,77.711,85.198,81.396,88.901,72.224,99.523,91.233,98.114,100.609,104.185,103.142,95.844,114.668,106.116,117.603,128.738,108.577,92.674,96.52,100.099,89.155,162.282,94.326,93.422,94.156,129.667,102.903,122.846,93.668,127.77,110.117,115.578,100.298,102.723,106.596,118.669,111.158,135.708,112.1,112.229,105.758,103.712,114.041,90.545,92.519,115.698,112.216,85.61,80.805,69.957,85.755,107.959,103.417,112.31,105.215,88.656,107.334,103.716,94.688,114.741,102.235,81.569,99.875,116.957,92.057,92.957,83.28,116.754,104.775,125.605,118.687,112,80.718,107.474,117.613,145.902,102.497,115.794,107.352,134.856,117.78,162.073,141.841,113.991,135.165,120.324,118.23,143.256,114.023,110.951,135.587,136.517,115.157,92.767,103.28,113.265,119.775,124.171,129.86,172.826,139.571,108.106,109.655,92.346,115.42,122.717,121.636,106.303,112.766,98.986,111.343,207.488,100.462,104.371,95.527,120.477,112.192,99.154,95.935,113.492,113.849,97.142,277.108,107.453,71.077,90.067,100.536,86.851,84.02,80.542,80.82,91.135,79.325,118.586,89.425,102.006,76.806,93.635,96.571,87.865,100.115,100.257,120.881,124.759,99.497,97.012,106.642,145.044,101.919,103.901,92.551,107.56,105.655,118.139,111.772,112.643,117.294,102.849,114.687,146.699,163.772,123.994,119.637,111.912,131.44,145.281,132.942,123.392,99.572,141.74,102.684,118.993,108.478,112.34,113.413,108.263,144.959,114.916,125.752,106.975,101.289,107.191,108.048,111.374,88.627,81.546,93.026,127.683,141.418,142.168,146.782,146.247,121.782,133.263,137.662,131.009,103.542,132.405,123.284,118.564,115.881,117.49,114.916,111.16,84.55,99.894,104.292,106.868,101.503,89.594,127.577,178.543,123.392,97.855,75.429,103.972,105.795,120.924,92.382,120.924,123.607,145.281,142.599,96.46,185.088,130.258,73.498,92.813,91.739,82.942,87.126,99.465,46.889,71.03,87.554,91.739,70.387,76.611,75.967,103.864,84.765,109.873,83.37,92.49,89.164,61.91,73.498,124.68,74.786,67.919,48.284,57.297,71.567,92.813,60.408,73.821,47.64,72.318,88.091,137.342,86.16,83.262,81.439,71.782,92.598,93.349,74.142,66.204,45.816,85.516,68.456,146.89,90.451,77.683,75.752,71.567,83.8,100.323,77.898,77.791,55.044,55.365,86.374,154.187,79.186,70.387,73.392,67.704,86.696,93.564,65.773,75.644,52.469,70.065,61.802,139.808,75.752,64.808,67.061,62.233,82.512,92.598,75.001,82.619,48.712,65.559,59.014,107.942,59.551,53.112,53.112,63.842,72.318,82.726,77.575,83.262,54.722,65.665,75.109,141.633,80.258,70.923,75.86,69.207,82.405,106.439,75.86,90.773,51.288,89.057,67.168,142.061,85.837,72.318,77.468,72.961,74.786,93.885,67.276,78.112,45.065,82.942,60.516,130.366,76.074,67.276,79.294,71.782,79.937,113.843,81.868,83.262,53.649,60.516,66.847,125.644,77.898,80.043,81.546,80.043,92.705,108.371,97.212,92.92,48.284,88.306,78.435,149.143,89.594,75.644,65.988,79.508,74.786,106.76,79.294,95.816,79.186,59.443,79.508,148.178,92.598,81.331,68.563,70.71,76.288,88.414,67.49,75.323,48.284,78.22,72.855,131.44,79.4,71.353,65.451,63.198,63.305,87.876,70.602,78.22,58.691,80.258,71.567,138.306,72.749,73.713,76.717,73.606,76.181,93.885,73.069,81.225,59.979,60.087,66.953,138.842,76.611,65.665,65.13,59.228,74.894,79.508,67.276,73.821,43.992,61.696,60.408,120.173,72.749,67.919,66.096,57.833,75.429,82.082,65.451,77.683,47.425,70.065,59.764,121.032,71.461,65.559,58.371,59.657,59.657,96.032,60.516,61.482,55.902,57.189,59.228,136.911,69.743,67.49,54.4,57.189,77.683,75.537,59.979,54.4,30.043,51.074,49.894,100.001,64.485,65.881,65.665,66.953,66.524,85.731,59.764,62.339,38.198,66.847,56.439,116.524,70.815,57.619,70.065,60.302,71.03,85.731,65.236,67.919,47.319,56.225,56.868,110.945,68.778,53.434,60.623,55.58,62.339,86.911,66.204,71.246,40.451,68.884
    Fabricated Metal Products,102.841,93.975,86.913,96.239,84.085,90.988,107.539,86.654,83.096,87.352,79.991,78.067,121.334,100.121,96.589,112.849,102.566,103.291,105.314,98.869,92.666,103.581,82.618,96.596,103,119.528,105.247,104.12,104.933,101.527,109.498,108.877,101.42,124.692,99.965,95.421,131.922,115.063,114.779,127.464,120.007,117.433,127.149,110.299,110.616,125.68,97.952,112.523,133.789,109.12,112.685,112.435,105.476,105.947,112.877,105.787,107.634,118.571,96.708,102.522,106.468,102.588,101.145,97.679,88.703,76.369,77.528,64.444,73.952,112.893,96.907,97.691,111.469,109.013,110.933,103.022,98.888,98.411,93.853,96.051,96.536,104.917,77.75,99.159,107.001,96.517,106.897,105.514,98.717,100.939,99.718,98.953,104.163,105.933,86.63,98.441,106.25,106.212,99.552,97.788,106.475,103.686,104.371,98.913,94.586,105.402,90.102,93.88,105.793,103.677,98.379,100.456,104.298,99.392,104.202,99.749,110.057,111.81,94.659,107.616,111.654,106.582,112.707,112.993,104.563,110.358,114.241,107.352,109.745,122.445,96.086,113.595,125.821,126.596,117.25,124.656,113.264,118.48,121.345,117.628,124.555,122.285,104.032,109.017,125.899,135.509,117.177,129.537,116.001,123.494,119.248,117.084,116.43,115.037,89.617,116.102,131.456,123.654,123.162,122.818,115.558,112.355,118.477,114.83,121.515,124.712,111.842,98.7,124.508,110.496,114.277,112.683,111.863,116.629,116.957,114.97,105.494,122.848,89.455,110.392,128.266,110.988,120.706,119.866,116.507,120.227,122.747,113.027,117.587,125.506,91.909,111.708,115.307,113.148,107.269,114.708,100.789,111.587,108.589,96.83,91.79,96.469,84.351,85.79,100.31,98.989,113.987,126.346,113.268,122.866,119.027,114.348,119.627,117.828,96.229,125.626,114.348,119.507,125.985,119.027,130.305,123.826,116.988,121.308,114.947,125.746,104.269,122.747,116.387,125.386,117.467,123.226,123.346,117.107,120.467,118.307,107.749,120.347,107.148,112.668,116.988,108.589,112.907,113.627,109.909,106.549,107.988,109.068,107.988,110.627,91.79,105.229,113.627,100.909,105.348,118.787,110.749,115.067,112.907,107.148,107.269,119.866,101.028,98.15,115.787,108.589,114.708,109.668,100.909,101.509,105.589,100.188,99.349,100.069,82.792,102.709,105.109,109.668,114.348,110.148,118.906,115.787,110.267,116.988,123.826,121.547,96.95,122.747,110.868,117.107,122.147,114.348,121.547,111.108,114.708,112.308,117.947,121.907,118.067,121.787,138.826,150.104,156.823,155.744,158.742,155.384,150.704,142.184,132.346,146.504,114.708,130.906,143.503,143.384,135.706,143.384,146.024,127.786,136.305,125.866,127.306,138.826,104.868,121.066,134.386,135.465,143.864,146.384,138.465,141.465,139.544,136.065,137.985,144.825,130.545,123.346,169.061,153.584,155.262,163.182,141.825,152.743,148.664,137.265,135.945,130.545,108.948,140.505,154.423,144.344,150.104,155.983,154.543,163.541,152.743,157.063,150.944,144.945,113.627,148.784,164.262,161.863,153.463,168.582,166.662,166.901,162.463,155.983,147.584,145.424,119.507,123.466,143.503,139.185,137.384,148.064,142.665,142.064,143.503,127.786,125.746,127.427,92.87,114.708,122.866,115.547,115.187,129.826,124.426,129.945,125.386,118.546,122.026,118.787,105.948,92.51,120.587,117.347,113.388,124.067,119.627,127.306,120.467,112.308,109.788,112.907,83.991,104.389,107.749,102.829,106.308,110.868,111.228,122.147,107.269,110.148,111.708,104.51,88.79,109.308,103.668,109.308,103.308,113.148,113.148,119.747,113.987,108.948,100.669,109.188,96.469,90.95,106.549,108.467,102.47,120.827,113.027,110.868,116.507,108.708,112.188,113.508,86.511,101.988,108.348,109.788,100.188,116.868,105.589,107.628,115.907,98.989,110.749,104.508,83.151,91.07,103.308,99.589,84.591,99.589,88.79,95.389,95.15,78.711,85.431,85.071,79.432,68.873,83.871,70.792,70.553,84.47,76.551,88.071,80.991,81.592,84.83,78.711,63.473,68.152,77.031,68.512,63.353,73.193,72.111,80.272,70.312,72.472,75.472,72.111,55.673,65.153,77.272,78.232,66.592,77.992,80.751,82.671,79.19,74.391,78.351,76.673,60.594,69.112,73.432,68.633,63.113,72.472,64.432,63.713,67.192,63.473,66.112,66.353,49.674,54.594
"    Computer, Electronic & Optical Products",184.396,180.876,186.895,166.849,139.451,154.42,134.745,132.292,135.4,133.066,122.855,137.716,142.326,152.862,149.425,142.961,151.158,136.168,121.614,128.007,122.028,118.448,121.321,120.437,139.231,118.356,142.935,140.355,101.842,131.706,127.879,108.783,122.609,131.923,116.544,123.61,130.69,113.635,127.995,126.42,127.037,123.363,131.74,137.537,133.149,140.85,128.693,129.115,130.825,128.302,127.17,133.985,135.694,128.027,128.13,114.055,124.794,129.344,107.222,133.062,134.129,118.796,121.027,123.999,117.956,123.592,99.628,91.516,114.724,94.292,84.1,109.812,93.874,89.725,120.966,95.339,82.684,124.188,85.167,92.487,113.885,88.823,97.5,115.362,92.654,107.586,110.722,107.28,105.863,111.308,107.671,104.791,108.824,112.062,93.27,110.459,106.84,100.752,110.696,110.081,98.64,105.36,97.53,89.346,96.902,96.488,79.465,84.337,96.329,76.362,74.966,82.768,71.648,71.738,77.876,67.122,67.234,71.155,57.956,69.697,66.757,62.481,62.181,71.21,64.24,62.408,65.975,63.954,62.418,67.483,59.618,66.749,75.117,66.691,71.399,72.84,67.796,69.068,68.549,63.431,64.55,73.379,60.906,65.106,76.174,65.701,75.114,72.547,63.529,70.142,72.356,66.269,68.439,68.388,53.194,62.055,63.2,59.288,60.915,63.303,60.91,68.094,71.572,64.704,67.741,73.186,65.948,62.09,73.547,60.008,65.43,71.534,64.016,69.704,73.96,69.647,75.642,85.037,68.415,85.402,87.41,86.407,83.326,90.634,85.69,84.759,86.049,73.797,82.037,80.245,66.273,72.722,81.248,68.71,76.877,74.084,66.56,70.142,59.253,49.437,52.805,48.004,45.21,42.201,52.159,60.614,66.847,72.579,69.498,72.579,70.142,62.19,66.56,69.713,67.636,72.077,78.669,75.087,76.95,83.97,73.224,68.853,70.572,61.617,69.068,73.438,60.184,68.065,77.451,71.003,72.866,75.874,69.139,70.501,72.579,62.906,66.704,72.937,59.754,63.694,79.456,68.997,77.092,75.302,61.832,61.975,65.486,58.321,60.255,67.491,50.368,56.315,65.844,57.103,64.053,68.997,60.972,60.471,63.408,56.028,55.311,57.461,51.586,48.434,63.694,57.819,58.822,58.106,48.863,47.573,47.932,46.929,48.29,53.09,40.91,47.431,55.455,50.87,52.016,53.234,47.573,46.07,47.215,46.284,48.935,51.801,39.693,44.422,47.932,46.355,42.201,45.998,41.484,39.119,45.424,44.063,47.359,54.166,49.652,50.583,60.399,63.766,63.622,69.785,64.196,56.816,60.829,53.234,49.007,56.1,45.639,47.573,53.305,49.437,49.293,49.222,45.138,44.565,47.144,44.063,40.553,47.001,33.674,38.618,39.406,36.756,36.039,42.558,32.457,32.384,37.185,32.313,35.752,39.979,31.524,29.734,38.905,36.325,37.041,43.06,35.322,35.967,39.191,34.892,36.254,37.328,25.793,31.955,36.469,34.534,35.25,36.827,33.101,33.029,34.606,33.674,33.89,42.057,27.799,35.752,na,na,na,na,na,na,na,na,na,na,na,na,na,na,na,na,na,na,na,na,na,na,na,na,na,na,na,na,na,na,na,na,na,na,na,na,na,na,na,na,na,na,na,na,na,na,na,na,na,na,na,na,na,na,na,na,na,na,na,na,na,na,na,na,na,na,na,na,na,na,na,na,na,na,na,na,na,na,na,na,na,na,na,na,na,na,na,na,na,na,na,na,na,na,na,na,na,na,na,na,na,na,na,na,na,na,na,na,na,na,na,na,na,na,na,na,na,na,na,na,na,na,na,na,na,na,na,na,na,na,na,na,na,na,na,na,na,na,na,na,na,na,na,na,na,na,na,na,na,na,na,na,na,na,na,na
    Electrical Equipment,127.701,113.931,117.887,115.907,107.823,100.973,107.626,100.435,92.385,137.107,88.741,81.224,118.477,99.122,93.636,110.728,114.304,116.82,111.235,108.699,104.12,111.883,75.812,89.226,96.877,86.895,92.91,101.915,102.328,97.057,116.634,99.904,93.031,123.914,83.183,89.14,130.715,123.851,112.006,122.386,116.861,115.131,122.61,106.389,108.715,136.767,95.037,102.175,133.558,109.875,103.854,119.528,99.72,99.438,109.341,89.795,103.289,130.324,85.165,98.418,121.885,102.985,101.84,95.496,85.271,78.386,78.22,56.795,58.495,130.027,93.239,81.976,116.302,98.894,99.282,94.638,90.02,97.732,102.508,93.734,89.187,134.556,80.432,102.716,123.752,100.693,99.91,107.18,93.656,90.88,95.13,86.438,88.901,107.865,65.887,80.754,100.034,92.459,83.447,90.97,87.446,82.412,81.232,83.373,74.576,94.967,79.183,67.251,85.574,76.612,72.939,80.713,78.369,77.029,80.53,75.854,75.139,94.971,62.67,63.909,96.012,79.504,75.881,74.982,74.3,78.802,76.089,71.905,74.955,83.781,55.62,68.947,89.784,74.94,73.243,83.749,82.223,76.813,75.537,72.109,70.061,73.939,57.142,61.85,80.387,70.854,77.305,77.694,65.957,69.129,59.596,58.703,61.817,67.565,46.496,60.944,72.823,62.433,62.8,65.508,65.076,62.943,66.16,58.153,52.493,63.792,55.672,41.699,71.107,56.602,55.473,66.358,59.506,68.101,70.15,57.958,58.178,66.168,46.19,58.589,55.44,61.198,77.86,82.447,94.014,100.536,91.364,85.402,83.721,72.918,50.038,56.664,56.103,60.994,64.51,65.122,60.23,57.071,56.969,53.911,53.707,37.911,36.332,34.242,42.089,50.089,55.389,55.287,51.21,52.383,47.695,49.427,52.332,51.21,41.937,50.905,51.466,51.924,53.861,52.79,54.522,53.096,48.51,50.345,48.714,50.702,43.058,52.332,49.886,53.606,50.294,52.79,61.351,50.956,51.975,52.128,46.115,48.561,44.637,41.835,46.472,45.809,49.02,45.962,46.268,43.007,41.479,45.962,43.415,44.077,35.414,39.949,47.236,40.051,43.312,43.16,42.497,40.867,37.86,41.172,38.115,40.561,37.759,32.866,38.879,37.555,37.81,41.019,40.153,41.479,39.389,39.236,39.134,38.981,33.631,36.892,40.408,42.395,43.669,37.605,36.535,38.268,37.81,42.905,42.803,40,31.491,38.471,37.198,42.752,43.261,34.395,33.631,35.313,34.956,40,37.504,40.307,39.797,37.555,45.198,50.395,47.745,46.472,44.637,41.172,40.918,43.822,41.223,45.708,35.159,38.726,45.3,45.758,49.071,43.16,35.72,36.943,37.045,38.574,39.032,41.529,31.134,33.58,43.16,43.822,44.841,40.204,34.242,37.962,38.166,39.44,41.479,45.504,36.638,33.784,51.669,50.192,55.643,46.879,40.153,44.841,42.395,45.605,46.472,49.274,31.745,45.453,49.326,47.745,52.689,44.23,40.307,41.937,41.223,44.382,47.287,49.733,35.466,48.357,48.816,49.427,48.765,43.72,40.815,44.026,45.097,47.236,48.408,50.753,39.338,42.701,50.294,48.102,50.65,44.23,39.797,40.612,42.039,42.905,45.554,46.981,33.274,39.746,44.688,43.415,45.147,38.523,34.854,37.605,37.453,38.268,43.109,44.332,37.911,28.382,42.446,41.223,40.764,38.931,32.51,36.841,34.956,39.389,37.86,43.72,30.217,38.37,44.739,41.376,46.013,37.81,34.09,35.974,32.866,40.714,38.726,40.256,29.147,35.618,37.045,36.484,37.3,32.663,31.389,32.357,33.07,36.943,37.453,40.764,31.236,32.204,39.592,40.815,42.294,38.828,34.854,33.325,35.159,37.707,40.815,44.128,29.554,35.567,36.332,36.841,39.134,33.223,30.318,29.911,30.573,33.478,35.159,36.382,27.618,28.79,31.949,29.861,33.427,30.472,24.306,27.924,23.287,26.192,29.758,30.013,24.764,20.688,24.102,20.994,26.038,23.134,19.618,20.383,17.376,20.994,22.981,21.809,16.408,17.885,17.784,16.612,17.835,16.408,15.746,17.835,16.815,22.88,22.777,25.58,17.682,21.809,24.051,23.134,26.192,21.453,21.605,20.994,20.026,21.045,21.759,23.746,19.363,20.128,20.943,20.433,22.93,16.969,17.121,17.019,16.866,19.822,20.535,20.535,15.133,16.051
    Machinery & Equipment,194.896,117.557,174.014,160.054,122.459,192.306,169.938,123.646,171.308,166.637,108.176,184.151,183.046,128.469,152.19,186.084,129.854,168.689,160.244,111.006,168.614,166.897,94.172,194.093,174.37,123.202,191.79,161.226,115.125,162.312,160.319,111.596,152.866,152.467,112.839,138.91,171.385,138.674,187.285,171.738,131.959,172.435,171.753,127.261,150.609,154.872,102.907,154.035,170.168,127.514,146.463,141.471,120.774,143.108,151.441,118.267,143.511,146.859,100.797,127.207,132.859,99.148,119.408,104.819,92.394,110.57,122.399,84.612,122.907,137.186,79.464,109.207,126.773,97.911,109.985,109.201,85.242,97.307,114.727,89.541,104.786,107.584,62.245,94.701,138.492,93.101,115.138,120.508,96.296,118.542,134.582,102.218,111.265,111.089,87.899,113.997,114.874,87.354,95.296,97.356,90.365,100.053,112.059,91.802,102.666,110.446,81.814,91.752,119.935,88.76,87.763,93.389,84.801,83.066,102.525,83.139,95.74,102.651,77.798,83.599,109.548,105.165,117.509,112.051,97.856,112.072,121.683,117.25,110.966,140.004,107.448,114.35,172.026,138.541,119.246,163.573,136.487,122.712,150.139,124.172,129.883,148.708,101.07,107.878,183.71,135.987,122.123,145.747,115.527,127.138,127.225,114.159,114.903,116.947,86.621,100.744,163.097,105.336,100.596,128.667,106.411,116.955,132.736,128.498,134.802,134.738,113.901,99.183,131.137,104.879,109.891,103.237,138.668,105.334,127.583,99.723,103.483,111.57,73.495,92.464,103.03,90.73,95.939,110.192,89.283,91.67,92.9,76.983,71.412,82.699,54.553,62.294,80.021,64.611,63.814,65.044,59.98,64.177,65.624,55.35,56.941,62.078,55.35,52.238,75.174,70.978,69.096,77.56,66.999,73.365,76.404,72.425,65.84,79.587,56,62.078,86.099,77.271,71.194,75.753,78.284,74.016,76.041,68.445,64.9,78.067,53.54,64.248,83.35,63.67,59.039,75.174,58.894,67.866,64.9,51.153,52.6,63.453,45.799,42.832,63.091,48.765,53.033,54.843,51.37,44.786,44.786,42.543,45.654,46.378,36.393,37.695,51.514,34.728,38.636,46.015,38.274,38.201,40.879,35.741,40.011,41.24,32.631,28.94,37.767,34.945,34.44,35.307,32.992,30.026,33.21,29.809,29.519,32.775,27.349,30.966,32.921,30.532,32.921,39.577,33.281,34.801,33.427,31.835,29.23,34.151,24.817,28.652,31.401,27.639,31.039,31.112,31.762,31.473,33.065,32.268,29.953,37.334,32.775,32.631,39.432,38.853,39.071,45.292,40.373,37.767,42.832,38.347,33.499,40.517,29.302,31.255,33.934,29.809,31.473,32.703,31.401,29.013,32.992,27.349,27.928,30.532,22.864,29.447,31.835,26.626,29.519,31.762,30.678,32.559,35.307,29.737,30.822,34.151,30.532,32.268,43.266,32.992,37.551,39.36,35.452,33.861,34.728,31.835,31.473,33.138,24.454,32.992,40.446,29.592,31.473,31.762,31.979,32.268,32.268,32.631,31.835,31.762,26.698,33.861,35.814,32.341,34.222,35.38,34.657,31.112,34.801,25.467,23.007,29.665,23.731,27.493,31.907,29.809,29.592,28.796,27.133,28.796,28.217,24.021,22.718,32.125,19.391,24.6,25.178,21.922,22.647,23.153,23.007,22.647,26.047,20.981,18.955,25.467,20.838,19.318,27.855,22.647,25.54,24.527,24.238,25.396,24.238,21.778,22.212,24.382,18.305,24.744,29.665,21.778,24.889,25.324,23.66,27.06,28.506,21.345,20.981,24.021,17.654,23.153,24.744,19.679,25.106,22.501,24.454,21.994,23.369,17.943,17.292,21.778,16.279,20.259,18.812,17.872,20.981,21.851,20.186,20.114,22.14,18.666,17.799,22.791,14.687,20.692,21.415,17.509,20.475,18.16,16.859,16.786,15.122,12.3,13.674,17.509,15.484,15.339,19.028,13.602,17.148,14.76,12.011,12.951,13.892,11.648,12.589,15.7,11.214,11.793,13.892,10.274,13.82,14.615,10.708,10.636,12.661,9.551,10.058,15.846,9.116,12.083,13.964,10.274,13.313,14.253,12.227,13.747,12.445,11.866,12.879,19.679,13.747,16.135,16.93,13.747,16.568,15.266,18.522,15.049,17.799,14.542,13.747,20.621,14.471,17.002,17.292,13.747,21.199,21.272,14.253,13.747,17.872,14.399,14.977,19.825,14.471,20.548
"    Motor Vehicles, Trailers And Semi-Trailers",80.902,83.431,88.912,86.834,85.53,99.48,90.677,96.706,109.532,103.533,103.938,110.095,89.644,85.405,100.324,101.543,111.788,122.046,116.65,105.608,109.144,109.33,104.879,106.811,127.865,121.35,123.789,133.191,133.457,140.027,129.517,126.581,111.007,114.71,95.038,88.783,124.541,121.937,113.068,111.143,102.179,93.105,100.964,89.443,92.725,103.346,95.001,98.325,99.864,94.567,101.549,97.011,96.119,83.231,102.957,87.931,105.745,112.762,89.753,101.086,117.301,104.455,108.679,106.401,98.247,73.707,84.319,57.468,49.934,93.094,78.603,75.585,84.929,90.376,105.247,100.298,96.805,86.427,101.02,106.555,108.208,109.75,96.612,113.773,103.514,112.893,121.804,107.531,109.569,108.905,104.523,109.539,113.975,119.391,92.702,112.356,101.911,99.146,117.861,113.982,116.007,106.688,129.204,127.226,117.031,126.956,104.605,102.393,105.927,98.969,99.426,98.104,91.463,90.024,99.875,97.544,93.901,103.269,79.252,87.946,82.182,88.598,87.502,88.949,83.898,85.794,109.889,95.829,96.124,96.33,79.037,93.792,81.61,77.582,86.635,85.348,78.466,82.191,80.989,80.975,85.943,91.229,80.764,79.288,73.612,77.799,91.413,80.315,77.058,79.288,73.969,82.271,77.679,69.902,63.953,77.013,65.171,57.641,63.627,43.657,63.409,70.232,54.569,74.877,67.396,61.427,69.457,61.592,68.199,67.23,65.092,59.659,62.168,65.792,73.192,64.912,61.489,59.274,55.462,64.859,56.706,57.903,55.45,60.954,61.491,57.603,61.791,56.646,57.304,49.707,35.831,47.614,47.913,45.82,42.47,46.297,40.257,40.495,30.387,37.565,39.419,39.12,35.77,31.284,35.831,37.924,38.282,48.332,43.427,43.068,51.083,49.229,48.272,44.862,46.598,51.801,49.768,53.117,63.346,52.4,60.116,60.653,64.423,65.858,61.253,70.643,57.544,58.68,na,na,na,na,na,na,na,na,na,na,na,na,na,na,na,na,na,na,na,na,na,na,na,na,na,na,na,na,na,na,na,na,na,na,na,na,na,na,na,na,na,na,na,na,na,na,na,na,na,na,na,na,na,na,na,na,na,na,na,na,na,na,na,na,na,na,na,na,na,na,na,na,na,na,na,na,na,na,na,na,na,na,na,na,na,na,na,na,na,na,na,na,na,na,na,na,na,na,na,na,na,na,na,na,na,na,na,na,na,na,na,na,na,na,na,na,na,na,na,na,na,na,na,na,na,na,na,na,na,na,na,na,na,na,na,na,na,na,na,na,na,na,na,na,na,na,na,na,na,na,na,na,na,na,na,na,na,na,na,na,na,na,na,na,na,na,na,na,na,na,na,na,na,na,na,na,na,na,na,na,na,na,na,na,na,na,na,na,na,na,na,na,na,na,na,na,na,na,na,na,na,na,na,na,na,na,na,na,na,na,na,na,na,na,na,na,na,na,na,na,na,na,na,na,na,na,na,na,na,na,na,na,na,na,na,na,na,na,na,na,na,na,na,na,na,na,na,na,na,na,na,na,na,na,na,na,na,na,na,na,na,na,na,na,na,na,na,na,na,na,na,na,na,na,na,na,na,na,na,na,na,na,na,na,na,na,na,na
    Other Transport Equipment,174.651,175.997,191.295,170.542,177.618,173.473,162.446,176.848,166.393,164.437,150.625,137.798,146.345,135.117,138.555,130.475,139.642,143.851,140.871,132.453,130.393,128.819,126.389,129.623,122.959,128.989,118.759,132.651,126.598,122.852,125.711,124.223,117,140.652,104.888,88.162,128.253,120.142,106.933,120.814,112.263,106.927,115.995,97.008,104.207,115.036,83.979,86.301,114.544,101.545,103.409,90.014,81.776,87.036,83.845,80.994,86.401,88.839,76.55,72.569,68.642,74.041,73.45,74.758,63.538,65.53,63.859,55.364,67.178,110.235,100.911,90.606,103.961,102.268,106.155,117.459,94.718,101.487,100.391,96.356,97.411,97.636,87.29,94.87,119.069,95.935,100.362,103.073,99.024,94.567,103.59,89.411,95.615,97.828,81.289,83.727,106.721,94.357,90.085,86.065,97.679,94.541,109.555,90.389,87.422,92.348,89.614,89.98,108.233,100.936,93.774,96.214,91.025,90.429,102.168,98.141,95.046,103.033,88.454,80.538,121.96,99.4,96.287,97.227,86.836,91.811,89.357,88.091,91.472,105.124,83.846,85.427,128.654,92.135,94.265,108.224,85.631,94.471,102.718,95.278,94.287,123.725,99.153,94.23,124.688,101.779,103.229,117.971,103.579,106.526,114.727,98.532,100.633,102.384,93.791,95.557,112.872,100.585,104.647,103.991,92.606,101.744,109.323,110.637,101.706,119.968,102.469,88.61,111.806,98.328,98.476,101.762,97.583,98.211,102.359,91.559,93.055,101.142,92.928,88.144,104.229,83.993,90.74,95.174,96.191,99.24,93.512,91.57,87.875,94.158,86.857,80.852,89.907,81.96,84.825,95.266,90.647,90.369,93.788,91.848,117.998,99.147,99.702,92.309,108.387,99.332,98.038,102.197,96.745,108.573,108.665,97.761,99.055,101.55,86.951,92.126,99.61,92.402,89.907,95.452,88.891,105.431,97.022,87.043,89.353,91.57,81.314,90.831,80.298,84.732,83.069,85.564,82.7,73.737,85.379,74.846,70.411,83.809,68.655,72.628,76.232,72.905,68.1,65.051,63.665,62.187,72.351,55.534,60.339,57.474,51.099,54.887,56.273,56.642,54.332,56.365,53.039,55.903,53.685,48.049,48.695,55.164,45.739,44.261,46.941,40.75,43.89,46.386,43.521,44.261,46.847,42.228,42.321,46.386,39.364,42.413,43.89,43.799,48.881,47.402,45.739,47.033,49.805,45.093,53.224,45.554,40.01,44.722,38.532,47.033,43.707,43.336,43.614,39.825,44.076,47.402,39.456,42.69,36.961,41.396,40.934,36.961,37.516,36.591,32.987,31.693,34.096,33.358,32.895,33.541,30.123,32.249,34.744,31.325,33.358,32.987,32.433,35.482,37.516,34.744,36.222,38.809,32.526,29.199,36.591,33.727,31.325,38.902,34.836,37.33,37.608,36.684,36.13,35.298,33.08,32.064,39.732,35.205,27.721,35.113,31.325,32.155,35.944,29.661,29.476,28.09,23.747,26.242,34.004,27.443,27.259,28.829,28.275,30.862,31.509,29.569,28.183,28.09,25.873,28.09,31.232,28.275,27.351,35.113,33.912,30.493,37.33,31.972,30.585,34.373,22.731,24.578,33.265,31.047,27.721,34.466,30.493,29.661,33.172,30.031,27.443,31.509,26.519,26.889,32.064,29.846,26.981,30.123,31.972,29.107,30.031,27.813,26.519,26.519,23.47,24.024,30.585,27.906,25.688,29.476,26.427,30.215,30.862,30.493,27.535,30.585,24.764,26.519,34.281,30.678,27.351,26.335,29.107,27.443,29.939,27.997,27.721,28.367,26.15,26.335,31.601,27.259,25.781,28.367,28.553,26.889,30.307,29.199,24.209,27.167,23.655,23.009,30.123,25.041,21.898,24.302,25.503,23.009,27.351,24.764,24.578,24.856,21.252,20.883,27.351,20.329,20.513,21.806,23.101,18.388,20.79,17.094,18.572,18.204,17.001,17.926,18.296,17.28,15.524,16.632,16.725,16.078,18.111,15.524,16.17,18.48,17.926,13.214,18.758,16.263,13.86,17.372,14.229,14.322,16.263,15.339,15.339,15.339,15.061,12.752,13.029,12.936,13.214,13.121,12.289,11.089,13.214,15.615,17.648,15.801,14.507,15.615,16.078,15.801,13.675,16.632,16.447,16.17,14.507,22.084,17.557,17.557,17.464,18.204,18.48,15.708,15.246,14.507,14.784,14.229,13.953,14.507,15.061,18.111,16.91,17.28
    Furniture,112.974,101.187,122.734,169.349,112.131,142.341,96.017,81.216,70.826,67.995,87.41,98.95,141.363,104.148,119.197,93.884,88.309,112.6,91.616,82.026,133.55,120.365,79.409,105.379,226.036,132.553,135.095,152.411,105.91,120.035,112.14,106.589,106.855,95.671,89.141,92.011,176.634,131.615,127.938,128.916,114.385,143.403,86.994,80.821,99.398,97.582,69.532,105.211,125.647,116.474,106.436,108.489,86.045,96.353,75.234,114.174,84.481,67.8,59.228,82.783,112.206,81.025,79.87,72.096,71.229,44.682,61.038,17.304,30.717,62.931,63.203,83.878,113.382,121.724,109.973,110.569,102.684,131.175,93.368,92.586,77.507,80.708,66.586,99.739,114.413,136.48,125.886,124.795,114.973,94.661,87.556,96.96,126.927,84.429,99.769,97.427,142.12,132.154,125.894,127.286,124.143,110.666,105.604,109.183,93.169,88.572,85.561,144.642,151.789,138.012,149.215,143.509,173.59,139.632,155.201,154.961,188.109,189.229,159.165,196.389,205.128,172.965,175.954,181.456,180.789,178.961,174.7,155.592,143.722,145.429,158.082,169.499,172.62,156.326,170.127,180.175,226.128,196.535,231.14,177.012,180.655,215.351,187.175,224.296,309.988,268.095,244.467,221.566,222.839,204.129,201.913,172.696,182.78,195.039,164.985,223.028,256.768,241.099,227.416,220.576,228.303,231.24,265.074,203.038,211.198,222.652,170.726,197.41,265.31,219.345,192.03,213.496,203.036,165.983,209.423,183.296,195.093,191.559,196.48,287.025,315.169,275.862,266.531,263.3,234.404,236.737,226.327,192.583,218.609,200.301,207.48,228.66,335.091,252.172,214.301,226.505,200.839,261.324,237.634,186.839,217.172,174.456,109.663,185.405,291.12,209.634,210.712,213.585,184.506,196.351,188.097,168.353,195.454,193.121,134.971,224.531,214.66,213.225,185.942,148.431,162.252,167.455,199.585,156.329,169.609,176.43,138.56,221.48,209.813,213.402,214.839,182.533,220.404,189.174,198.147,176.97,166.379,142.689,87.947,160.816,154.893,161.353,139.099,153.276,143.226,152.738,163.149,124.562,142.508,144.84,96.562,146.994,214.122,166.738,141.252,140.534,149.149,128.508,165.123,136.225,151.663,131.739,103.919,124.74,214.839,147.893,164.944,161.175,150.407,140.175,208.557,149.328,138.02,145.56,99.433,170.506,228.122,224.892,172.839,143.943,157.046,176.252,133.715,148.79,158.123,148.073,147.354,186.123,244.632,166.559,218.249,200.839,227.224,208.2,202.097,236.737,205.686,223.634,191.148,241.223,260.068,238.351,215.557,230.454,201.379,216.456,205.686,212.327,199.585,201.379,174.994,207.659,288.786,244.993,230.095,247.862,223.454,230.993,241.223,236.557,223.096,249.838,233.325,201.379,276.761,238.172,215.916,207.659,196.892,247.325,331.861,271.735,315.169,319.837,291.12,331.861,364.706,349.272,347.296,383.372,384.45,378.885,354.835,412.449,414.424,436.86,305.296,441.525,455.883,399.886,408.319,426.628,413.886,407.602,407.602,386.245,381.577,402.396,352.502,405.987,na,na,na,na,na,na,na,na,na,na,na,na,na,na,na,na,na,na,na,na,na,na,na,na,na,na,na,na,na,na,na,na,na,na,na,na,na,na,na,na,na,na,na,na,na,na,na,na,na,na,na,na,na,na,na,na,na,na,na,na,na,na,na,na,na,na,na,na,na,na,na,na,na,na,na,na,na,na,na,na,na,na,na,na,na,na,na,na,na,na,na,na,na,na,na,na,na,na,na,na,na,na,na,na,na,na,na,na,na,na,na,na,na,na,na,na,na,na,na,na,na,na,na,na,na,na,na,na,na,na,na,na,na,na,na,na,na,na,na,na,na,na,na,na,na,na,na,na,na,na,na,na,na,na,na,na
    Other Manufacturing Industries,138.65,137.926,138.564,134.725,121.408,129.797,143.361,133.454,126.205,136.313,124.902,111.777,137.667,126.007,123.739,128.271,112.533,126.338,144.18,124.431,127.401,137.797,110.042,119.325,121.581,116.964,123.506,130.905,138.109,125.841,124.736,116.274,109.334,144.899,112.606,111.129,115.907,114.149,117.628,128.645,131.34,123.522,159.236,116.201,120.809,129.164,103.344,112.367,136.617,114.908,114.355,125.319,115.726,109.805,136.356,112.249,105.7,134.384,101.253,108.804,139.469,135.863,118.566,124.202,108.357,96.634,99.269,81.382,103.401,114.229,92.685,100.673,108.314,96.559,115.185,105.635,93.396,108.691,89.795,96.088,96.133,102.27,84.399,103.534,92.039,102.738,101.622,90.222,93.649,92.454,84.912,102.265,87.023,94.123,76.812,96.412,80.619,90.636,85.147,91.577,97.151,86.192,78.921,81.213,79.55,90.124,78.271,71.492,82.182,90.32,80.178,83.874,76.862,73.089,74.572,70.948,74.705,77.283,64.782,71.321,70.176,71.847,73.818,70.296,68.612,72.097,72.604,65.385,69.932,72.697,58.696,67.214,74.115,60.115,58.188,61.203,53.379,55.199,65.775,53.407,57.034,67.16,48.581,52.774,72.551,55.734,54.11,56.694,49.455,53.049,59.162,50.604,53.584,64.788,42.489,50.293,62.08,51.518,48.198,56.664,47.277,46.656,54.062,48.015,46.397,55.865,49.282,41.98,56.675,50.578,45.39,54.278,47.636,41.891,56.031,45.066,41.744,53.305,35.382,40.155,45.145,47.144,40.906,44.305,43.106,43.665,50.703,44.265,37.188,51.942,37.467,37.067,50.383,39.107,39.307,40.067,36.188,38.787,41.586,36.668,39.027,41.746,35.388,34.429,45.385,36.148,35.348,39.947,36.948,38.307,48.984,38.228,37.587,39.787,32.07,37.067,45.024,37.787,40.506,43.465,38.947,40.866,48.224,42.386,34.868,42.426,30.71,34.588,36.827,50.663,31.31,32.829,31.429,35.109,35.348,34.348,30.23,31.789,23.912,24.991,32.869,29.51,33.829,31.149,31.109,38.587,41.466,38.107,35.508,54.062,31.149,34.988,39.146,31.47,35.268,34.509,32.189,34.828,39.826,33.749,29.87,46.145,28.95,25.192,35.508,33.988,34.628,35.308,33.549,34.308,35.428,34.868,35.268,35.189,26.991,35.068,33.948,30.949,35.588,38.467,33.948,34.908,37.107,35.628,36.588,34.668,27.311,36.387,26.791,33.188,35.068,28.39,32.229,32.909,30.47,30.549,30.11,32.07,28.191,25.991,23.152,34.228,30.47,30.23,29.27,29.03,28.71,28.151,25.032,28.11,22.953,21.793,25.592,29.15,25.711,26.951,26.551,25.432,27.871,25.671,24.912,28.271,21.673,21.313,31.629,25.392,26.751,27.831,25.871,26.071,27.91,29.91,21.273,19.393,21.313,16.395,24.752,25.071,22.912,23.232,20.793,25.351,24.112,25.152,21.473,20.593,13.235,16.834,19.954,20.913,21.152,20.593,19.473,24.152,23.232,25.911,20.113,17.274,13.156,16.834,na,na,na,na,na,na,na,na,na,na,na,na,na,na,na,na,na,na,na,na,na,na,na,na,na,na,na,na,na,na,na,na,na,na,na,na,na,na,na,na,na,na,na,na,na,na,na,na,na,na,na,na,na,na,na,na,na,na,na,na,na,na,na,na,na,na,na,na,na,na,na,na,na,na,na,na,na,na,na,na,na,na,na,na,na,na,na,na,na,na,na,na,na,na,na,na,na,na,na,na,na,na,na,na,na,na,na,na,na,na,na,na,na,na,na,na,na,na,na,na,na,na,na,na,na,na,na,na,na,na,na,na,na,na,na,na,na,na,na,na,na,na,na,na,na,na,na,na,na,na,na,na,na,na,na,na
